class,latitude,longitude,Location,Guidance Value(Rs. per square foot)
0,22.54929129,88.3553068,Park Street,12960
0,22.54901051,88.35647093,Park Street,12960
0,22.54845632,88.35792409,Park Street,13311
0,22.54790705,88.35879386,Park Street,15534
0,22.54763117,88.35937459,Park Street,11205
0,22.5473479,88.36083038,Park Street,12960
0,22.54707202,88.3614111,Park Street,10620
0,22.54625672,88.36169481,Park Street,11439
0,22.5465252,88.36198916,Park Street,11205
0,22.54515318,88.36401765,Park Street,10620
0,22.54460388,88.36488738,Park Street,14130
0,22.54433789,88.36430135,Park Street,12375
0,22.54461377,88.36372064,Park Street,12960
0,22.55420753,88.35068717,Park Street,13311
0,22.55147603,88.35328608,Park Street,15534
0,22.55066075,88.35356985,Park Street,14130
0,22.55231583,88.3500853,Park Street,12375
0,22.5533996,88.35009585,Park Street,12375
0,22.55119281,88.35474193,Park Street,11205
0,22.55064846,88.35502834,Park Street,14130
0,22.55009428,88.35648152,Park Street,12960
0,22.54926915,88.35793204,Park Street,12375
0,22.54798808,88.34916805,Park Street,12960
0,22.5477049,88.35062387,Park Street,13311
0,22.54741679,88.35266307,Park Street,12960
0,22.54633548,88.35236081,Park Street,11205
0,22.54662112,88.35061332,Park Street,11205
0,22.54663092,88.34944656,Park Street,11439
0,22.54737009,88.35820517,Park Street,15534
0,22.54656219,88.35761384,Park Street,12960
0,22.54520994,88.35730891,Park Street,15534
0,22.54521732,88.35643385,Park Street,14130
0,22.54737994,88.35703842,Park Street,15534
0,22.54709422,88.3587859,Park Street,10620
0,22.5465548,88.35848891,Park Street,11205
0,22.52894845,88.35773329,Ballygunge,15534
0,22.52867259,88.35831394,Ballygunge,11439
0,22.52866766,88.35889724,Ballygunge,13311
0,22.52813562,88.35772534,Ballygunge,11439
0,22.52892875,88.3600665,Ballygunge,15534
0,22.52893614,88.35919154,Ballygunge,11205
0,22.52838194,88.36064449,Ballygunge,11205
0,22.52810606,88.36122513,Ballygunge,15534
0,22.52729817,88.36063387,Ballygunge,11205
0,22.52757897,88.35946994,Ballygunge,15534
0,22.5272883,88.36180046,Ballygunge,15534
0,22.52728336,88.36238375,Ballygunge,10620
0,22.52727595,88.36325869,Ballygunge,13311
0,22.52702969,88.36033957,Ballygunge,13311
0,22.52701982,88.36150616,Ballygunge,12960
0,22.52865041,88.36093879,Ballygunge,12960
0,22.52891642,88.36152475,Ballygunge,12960
0,22.52835725,88.36356098,Ballygunge,11790
0,22.52808631,88.36355832,Ballygunge,13311
0,22.5280789,88.36443327,Ballygunge,15534
0,22.52780301,88.3650139,Ballygunge,11790
0,22.528069,88.36559986,Ballygunge,11790
0,22.5288843,88.3653162,Ballygunge,15534
0,22.52834242,88.36531087,Ballygunge,11205
0,22.52889172,88.36444125,Ballygunge,11205
0,22.52889667,88.36385795,Ballygunge,12960
0,22.52863314,88.36298034,Ballygunge,15534
0,22.54092152,88.35172466,Park Street,12375
0,22.54091171,88.35289137,Park Street,12375
0,22.54090189,88.35405807,Park Street,11205
0,22.54063095,88.35405543,Park Street,11205
0,22.54062604,88.35463878,Park Street,12960
0,22.54062113,88.35522213,Park Street,11790
0,22.54007924,88.35521684,Park Street,12960
0,22.53953736,88.35521155,Park Street,11439
0,22.54061621,88.35580549,Park Street,13311
0,22.54008661,88.35434182,Park Street,12960
0,22.53981567,88.35433918,Park Street,12960
0,22.53982058,88.35375583,Park Street,12375
0,22.53900284,88.35433125,Park Street,11205
0,22.53926641,88.35520891,Park Street,11439
0,22.53872698,88.35491195,Park Street,12960
0,22.54061129,88.35638884,Park Street,12960
0,22.54006449,88.35696689,Park Street,15534
0,22.53952506,88.35666992,Park Street,11205
0,22.54060145,88.35755554,Park Street,15534
0,22.53953244,88.3557949,Park Street,11439
0,22.53925412,88.35666727,Park Street,11205
0,22.53899055,88.35578961,Park Street,11790
0,22.53872207,88.35549529,Park Street,12960
0,22.50101176,88.36095981,Jadavpur,12960
0,22.49992552,88.3612408,Jadavpur,15534
0,22.49938856,88.36065232,Jadavpur,11439
0,22.49939595,88.35977755,Jadavpur,12960
0,22.50102161,88.35979344,Jadavpur,11205
0,22.50073589,88.36154034,Jadavpur,11205
0,22.52186186,88.33024787,Alipore,11205
0,22.52132238,88.32995105,Alipore,11205
0,22.52050954,88.32994327,Alipore,11439
0,22.52023859,88.32994067,Alipore,15534
0,22.51942575,88.32993289,Alipore,13311
0,22.51996283,88.33052135,Alipore,13311
0,22.52077567,88.33052913,Alipore,12960
0,22.51888627,88.32963607,Alipore,12960
0,22.51834438,88.32963089,Alipore,12375
0,22.51891513,88.32613647,Alipore,11790
0,22.51837804,88.32554804,Alipore,12960
0,22.51810229,88.32612872,Alipore,12960
0,22.51782414,88.32700103,Alipore,15534
0,22.51781452,88.32816755,Alipore,12960
0,22.51755079,88.32729007,Alipore,13311
0,22.51836363,88.32729783,Alipore,14130
0,22.51835401,88.32846436,Alipore,11205
0,22.51890552,88.32730301,Alipore,12375
0,22.5188959,88.32846954,Alipore,12375
0,22.51862977,88.32788369,Alipore,13311
0,22.51834919,88.32904763,Alipore,12960
0,22.5215885,88.33053692,Alipore,12960
0,22.52077084,88.33111241,Alipore,12960
0,22.51942093,88.33051616,Alipore,11205
0,22.5186081,88.33050838,Alipore,11205
0,22.51914517,88.33109684,Alipore,12960
0,22.51941129,88.3316827,Alipore,13311
0,22.51887422,88.33109424,Alipore,10620
0,22.5188694,88.33167751,Alipore,11205
0,22.52079012,88.32877931,Alipore,10620
0,22.52079734,88.3279044,Alipore,12960
0,22.52133923,88.32790958,Alipore,11205
0,22.52622108,88.3273729,Alipore,12375
0,22.5251397,88.32707089,Alipore,12960
0,22.52595254,88.32707866,Alipore,15534
0,22.52567197,88.32824266,Alipore,11205
0,22.52512285,88.32911242,Alipore,14130
0,22.52377775,88.32793288,Alipore,15534
0,22.52405832,88.3267689,Alipore,12960
0,22.52324067,88.32734442,Alipore,12960
0,22.52269396,88.32792253,Alipore,11205
0,22.5235068,88.32793029,Alipore,12375
0,22.52322864,88.32880263,Alipore,11205
0,22.52268434,88.32908909,Alipore,12960
0,22.52267711,88.32996401,Alipore,12960
0,22.52348754,88.33026344,Alipore,12960
0,22.52457614,88.32969052,Alipore,11205
0,22.52404148,88.32881041,Alipore,15534
0,22.5237633,88.32968275,Alipore,12960
0,22.52484227,88.33027641,Alipore,11439
0,22.52483262,88.33144299,Alipore,11790
0,22.52239652,88.33112798,Alipore,12375
0,22.52321177,88.33084413,Alipore,11205
0,22.51672351,88.32903208,Alipore,11439
0,22.51672833,88.32844882,Alipore,14130
0,22.52460021,88.32677407,Alipore,11790
0,22.52351883,88.32647208,Alipore,12960
0,22.52482055,88.33290122,Alipore,14130
0,22.52130791,88.33170088,Alipore,15534
0,22.51706623,88.35295077,Ballygunge,15534
0,22.51705888,88.35382565,Ballygunge,12960
0,22.51732001,88.3549948,Ballygunge,13311
0,22.5162534,88.35294286,Ballygunge,15534
0,22.51651699,88.35382037,Ballygunge,11790
0,22.51650718,88.35498688,Ballygunge,12960
0,22.5167683,88.35615602,Ballygunge,15534
0,22.51732492,88.35441155,Ballygunge,11439
0,22.51758359,88.35587232,Ballygunge,12960
0,22.5175713,88.35733046,Ballygunge,11205
0,22.51702941,88.35732517,Ballygunge,15534
0,22.51622396,88.35644236,Ballygunge,14130
0,22.51570661,88.35352083,Ballygunge,11205
0,22.51569435,88.35497895,Ballygunge,10620
0,22.51595301,88.35643971,Ballygunge,12375
0,22.51813284,88.35500273,Ballygunge,12960
0,22.51921907,88.35472166,Ballygunge,15534
0,22.51870169,88.35180008,Ballygunge,12960
0,22.51789131,88.35150054,Ballygunge,15534
0,22.51735921,88.35032877,Ballygunge,12960
0,22.51844054,88.35063093,Ballygunge,12960
0,22.51788641,88.3520838,Ballygunge,11205
0,22.51762526,88.35091465,Ballygunge,12960
0,22.51681243,88.35090675,Ballygunge,15534
0,22.51680264,88.35207326,Ballygunge,12960
0,22.51653169,88.35207062,Ballygunge,12375
0,22.51626809,88.35119311,Ballygunge,15534
0,22.51867964,88.35442475,Ballygunge,11439
0,22.51451941,88.36575834,Ballygunge,11205
0,22.51506624,88.36518042,Ballygunge,11439
0,22.51587413,88.36577165,Ballygunge,12960
0,22.51480272,88.3643029,Ballygunge,12960
0,22.51369916,88.36662521,Ballygunge,12375
0,22.51343069,88.36633093,Ballygunge,12960
0,22.51343564,88.36574769,Ballygunge,11790
0,22.51424105,88.36663054,Ballygunge,12960
0,22.5131548,88.3669115,Ballygunge,12960
0,22.51288881,88.3663256,Ballygunge,11439
0,22.51208093,88.36573438,Jadavpur,12375
0,22.51153657,88.36602067,Jadavpur,11205
0,22.51180009,88.36689818,Jadavpur,11205
0,22.51234198,88.3669035,Jadavpur,11205
0,22.51207598,88.36631761,Jadavpur,11790
0,22.51152915,88.36689551,Jadavpur,12960
0,22.51397505,88.36604463,Ballygunge,15534
0,22.51515982,88.3540988,Ballygunge,14130
0,22.51462284,88.35351028,Ballygunge,12960
0,22.5147755,88.36751072,Ballygunge,10620
0,22.5139602,88.36779434,Ballygunge,13311
0,22.51342079,88.3674974,Ballygunge,11205
0,22.51515246,88.35497367,Ballygunge,13311
0,22.51704661,88.35528378,Ballygunge,15534
0,22.51353906,88.35349973,Ballygunge,15534
0,22.51380019,88.35466884,Ballygunge,11439
0,22.51379038,88.35583532,Ballygunge,11205
0,22.53683284,88.35460177,Ballygunge,12375
0,22.53737227,88.35489873,Ballygunge,11439
0,22.53709887,88.35518775,Ballygunge,10620
0,22.53655207,88.3557658,Ballygunge,12960
0,22.53654961,88.35605746,Ballygunge,12960
0,22.53681318,88.35693511,Ballygunge,11439
0,22.53681072,88.35722678,Ballygunge,10620
0,22.5373526,88.35723208,Ballygunge,12960
0,22.53789203,88.35752904,Ballygunge,10620
0,22.53815558,88.3584067,Ballygunge,11439
0,22.53761616,88.35810973,Ballygunge,15534
0,22.53734768,88.35781541,Ballygunge,11205
0,22.53627129,88.35692982,Ballygunge,15534
0,22.53708904,88.35635442,Ballygunge,12375
0,22.53600527,88.35634384,Ballygunge,11790
0,22.53573924,88.35575786,Ballygunge,15534
0,22.53628604,88.35517982,Ballygunge,12960
0,22.5365619,88.35459913,Ballygunge,12375
0,22.5379117,88.35519569,Ballygunge,12375
0,22.53817773,88.35578167,Ballygunge,12375
2,22.49450665,88.36118777,Jadavpur,6264
2,22.4939623,88.36147405,Jadavpur,6525
2,22.4939623,88.36147405,Jadavpur,6030
2,22.49369135,88.3614714,Jadavpur,7227
2,22.49287852,88.36146344,Jadavpur,6525
2,22.49260019,88.36233552,Jadavpur,7110
2,22.49259772,88.36262709,Jadavpur,6525
2,22.4928662,88.36292132,Jadavpur,6174
2,22.49286373,88.36321289,Jadavpur,9801
2,22.49259279,88.36321024,Jadavpur,9099
2,22.49232678,88.36262444,Jadavpur,6525
2,22.49232185,88.36320758,Jadavpur,6264
2,22.49205583,88.36262178,Jadavpur,6264
2,22.49178489,88.36261913,Jadavpur,7344
2,22.49286127,88.36350447,Jadavpur,6030
2,22.49340315,88.36350978,Jadavpur,6525
2,22.49367163,88.36380401,Jadavpur,6525
2,22.49394257,88.36380666,Jadavpur,6174
2,22.49394504,88.36351509,Jadavpur,8514
2,22.49421351,88.36380932,Jadavpur,6264
2,22.49448693,88.3635204,Jadavpur,8280
2,22.49421598,88.36351774,Jadavpur,6030
2,22.49476527,88.36264832,Jadavpur,6525
2,22.49503868,88.36235939,Jadavpur,9801
2,22.49503128,88.36323413,Jadavpur,7227
2,22.4947554,88.36381463,Jadavpur,6525
2,22.49475787,88.36352305,Jadavpur,6525
2,22.49475293,88.36410621,Jadavpur,8514
2,22.49448199,88.36410355,Jadavpur,6264
2,22.49421105,88.3641009,Jadavpur,7110
2,22.49530962,88.36236204,Jadavpur,6264
2,22.49530222,88.36323678,Jadavpur,7110
2,22.49558303,88.36207312,Jadavpur,6264
2,22.49369628,88.36088824,Jadavpur,6525
2,22.49342534,88.36088559,Jadavpur,6174
2,22.49315685,88.36059137,Jadavpur,8514
2,22.49288345,88.36088029,Jadavpur,7227
2,22.49261004,88.36116922,Jadavpur,6174
2,22.49206323,88.36174706,Jadavpur,6264
2,22.49178982,88.36203598,Jadavpur,7110
2,22.49206569,88.36145549,Jadavpur,7110
2,22.49179721,88.36116127,Jadavpur,6525
2,22.49233664,88.36145814,Jadavpur,7110
2,22.49287852,88.36146344,Jadavpur,6174
2,22.5349999,88.34699999,Alipore,6525
2,22.53499746,88.34729166,Alipore,9801
2,22.53499501,88.34758332,Alipore,6264
2,22.53498768,88.34845832,Alipore,9801
2,22.53471185,88.34903901,Alipore,6264
2,22.53471185,88.34903901,Alipore,6030
2,22.53443602,88.34961971,Alipore,8280
2,22.53443357,88.34991137,Ballygunge,6525
2,22.53442867,88.3504947,Ballygunge,9099
2,22.53470207,88.35020567,Ballygunge,6264
2,22.53470696,88.34962234,Alipore,9099
2,22.53498035,88.34933331,Alipore,6174
2,22.53498279,88.34904165,Alipore,6525
2,22.53498768,88.34845832,Alipore,6030
2,22.53526352,88.34787762,Alipore,6264
2,22.53525618,88.34875261,Alipore,8280
2,22.53526107,88.34816928,Alipore,6525
2,22.53472163,88.34787236,Alipore,6264
2,22.5344458,88.34845305,Alipore,6264
2,22.53443846,88.34932805,Alipore,6264
2,22.53390635,88.34815613,Alipore,7110
2,22.53362563,88.34932015,Alipore,7344
2,22.53334979,88.34990084,Ballygunge,8514
2,22.53389168,88.3499061,Ballygunge,6264
2,22.53417485,88.34845042,Alipore,8514
2,22.5341773,88.34815876,Alipore,6264
2,22.53445557,88.3472864,Alipore,8514
2,22.53446045,88.34670307,Alipore,9099
2,22.53419195,88.34640878,Alipore,7227
2,22.53391368,88.34728114,Alipore,6525
2,22.53364274,88.34727851,Alipore,6264
2,22.53336691,88.34785921,Alipore,6264
2,22.53336202,88.34844253,Alipore,7110
2,22.53363052,88.34873682,Alipore,6264
2,22.53308374,88.34931488,Alipore,6264
2,22.5330813,88.34960654,Ballygunge,6174
2,22.53362318,88.34961181,Ballygunge,7227
2,22.53308863,88.34873156,Alipore,8280
2,22.53309108,88.3484399,Alipore,9099
2,22.53336691,88.34785921,Alipore,6264
2,22.53310085,88.34727326,Alipore,6264
2,22.57813452,88.46500396,New Town,7344
2,22.57783163,88.46850197,New Town,6264
2,22.57812121,88.46646266,New Town,7110
2,22.57704548,88.46557598,New Town,7227
2,22.57623802,88.46498391,New Town,6174
2,22.57541991,88.46555878,New Town,6264
2,22.57513034,88.46759806,New Town,6525
2,22.57647698,88.46848762,New Town,6174
2,22.57781562,88.47025241,New Town,7110
2,22.57592446,88.46964882,New Town,7110
2,22.58109343,88.46736945,New Town,8280
2,22.5805249,88.47028116,New Town,6264
2,22.58298193,88.46826479,New Town,6525
2,22.58054091,88.46853069,New Town,6264
2,22.58294989,88.47176579,New Town,8280
2,22.58351311,88.46943754,New Town,6264
2,22.58110675,88.46591071,New Town,6174
2,22.57757402,88.4670404,New Town,6174
2,22.58213443,88.4720489,New Town,9801
2,22.58243474,88.46884254,New Town,6525
2,22.58333452,88.42916982,Salt Lake,8514
2,22.58198764,88.42828058,Salt Lake,6525
2,22.58251394,88.4300367,Salt Lake,6525
2,22.58171152,88.4288613,Salt Lake,6525
2,22.583061,88.42945878,Salt Lake,6264
2,22.58252432,88.42886968,Salt Lake,6030
2,22.58358987,88.43092316,Salt Lake,8280
2,22.58359767,88.43004789,Salt Lake,8514
2,22.58305061,88.4306258,Salt Lake,7344
2,22.58387379,88.42946717,Salt Lake,6030
2,22.58361324,88.42829734,Salt Lake,7227
2,22.58441566,88.42947276,Salt Lake,6525
2,22.58440527,88.43063979,Salt Lake,6264
2,22.58412914,88.43122051,Salt Lake,7110
2,22.58385301,88.43180123,Salt Lake,6264
2,22.58415251,88.42859469,Salt Lake,6525
2,22.58358207,88.43179843,Salt Lake,6264
2,22.58521547,88.43093995,Salt Lake,6264
2,22.58550458,88.42890042,Salt Lake,6264
2,22.58495752,88.42947835,Salt Lake,7110
2,22.58551496,88.42773338,Salt Lake,9099
2,22.58525181,88.4268553,Salt Lake,7110
2,22.58552792,88.42627457,Salt Lake,6264
2,22.58604904,88.42861425,Salt Lake,8280
2,22.58606201,88.42715544,Salt Lake,7227
2,22.58606979,88.42628015,Salt Lake,6525
2,22.58715093,88.42658308,Salt Lake,6525
2,22.58794038,88.42921735,Salt Lake,6525
2,22.5874089,88.42804469,Salt Lake,9099
2,22.58739072,88.43008705,Salt Lake,6264
2,22.57145257,88.39374434,Salt Lake,8514
2,22.57145004,88.39403608,Salt Lake,6174
2,22.57118416,88.39344988,Salt Lake,6525
2,22.5711791,88.39403336,Salt Lake,6264
2,22.57091322,88.39344716,Salt Lake,6174
2,22.57063723,88.39402791,Salt Lake,6030
2,22.57091322,88.39344716,Salt Lake,9099
2,22.57063723,88.39402791,Salt Lake,6525
2,22.57063976,88.39373617,Salt Lake,6264
2,22.57064229,88.39344444,Salt Lake,6525
2,22.57037135,88.39344171,Salt Lake,6264
2,22.57036882,88.39373345,Salt Lake,6525
2,22.57037388,88.39314998,Salt Lake,7227
2,22.57009788,88.39373072,Salt Lake,8280
2,22.569832,88.39314453,Salt Lake,6174
2,22.56982947,88.39343627,Salt Lake,6525
2,22.57036629,88.39402518,Salt Lake,7227
2,22.57009535,88.39402246,Salt Lake,8514
2,22.57036376,88.39431691,Salt Lake,7110
2,22.57010547,88.39285552,Salt Lake,6264
2,22.52001461,88.3885614,Kasba,7110
2,22.51947776,88.38797273,Kasba,6525
2,22.51920179,88.38855328,Kasba,6264
2,22.51974115,88.38885032,Kasba,6264
2,22.51973612,88.38943357,Kasba,8280
2,22.51838645,88.38883678,Kasba,6525
2,22.51919424,88.38942816,Kasba,6264
2,22.51837639,88.39000328,Kasba,6264
2,22.51946015,88.39001412,Kasba,7110
2,22.51946266,88.38972249,Kasba,6525
2,22.51973109,88.39001683,Kasba,7110
2,22.52055146,88.38915007,Kasba,6264
2,22.51972605,88.39060008,Kasba,6525
2,22.51945259,88.390889,Kasba,6525
2,22.51918417,88.39059466,Kasba,8514
2,22.51945007,88.39118063,Kasba,9801
2,22.51999195,88.39118605,Kasba,6264
2,22.51997934,88.39264419,Kasba,9801
2,22.52052122,88.39264962,Kasba,6525
2,22.52106814,88.39207179,Kasba,7227
2,22.52024523,88.39323016,Kasba,6525
2,22.51942989,88.39351364,Kasba,6525
2,22.51915643,88.39380255,Kasba,7110
2,22.51915138,88.3943858,Kasba,6174
2,22.51914885,88.39467743,Kasba,7344
2,22.52051617,88.39323288,Kasba,6525
2,22.59255522,88.39745834,Lake Town,7110
2,22.59388957,88.39980627,Lake Town,6030
2,22.59415033,88.40097614,Lake Town,6264
2,22.5930615,88.40154874,Lake Town,7344
2,22.59173988,88.39774192,Lake Town,6264
2,22.59037757,88.39860357,Lake Town,6525
2,22.59280837,88.39950354,Lake Town,7110
2,22.59010156,88.39918438,Lake Town,7110
2,22.5908991,88.40094325,Lake Town,7110
2,22.5911573,88.40240487,Lake Town,6030
2,22.59226396,88.39978984,Lake Town,6525
2,22.59576321,88.40245153,Lake Town,8280
2,22.59547952,88.40390771,Lake Town,6525
2,22.5949504,88.40244329,Lake Town,9801
2,22.5941325,88.40301862,Lake Town,6264
2,22.59466417,88.40419125,Lake Town,8280
2,22.5938437,88.40505835,Lake Town,6525
2,22.5930411,88.40388298,Lake Town,9801
2,22.59275485,88.40563091,Lake Town,6525
2,22.59113945,88.4044473,Lake Town,6264
2,22.59088382,88.4026939,Lake Town,8514
2,22.59007865,88.40181035,Lake Town,6525
2,22.58954951,88.400346,Lake Town,6264
2,22.58929383,88.39859262,Lake Town,9099
2,22.59173226,88.39861725,Lake Town,6525
2,22.59093215,88.39715016,Lake Town,6264
2,22.59251962,88.40154325,Lake Town,8280
2,22.58845813,88.40121035,Lake Town,9099
2,22.58711363,88.40002957,Lake Town,9801
2,22.58575895,88.40001588,Salt Lake,7110
2,22.58655649,88.40177469,Salt Lake,6030
2,22.58737439,88.40119938,Lake Town,6525
2,22.58817191,88.40295823,Salt Lake,7344
2,22.58761984,88.40411981,Salt Lake,7344
2,22.58842499,88.40500337,Salt Lake,6264
2,22.59033175,88.40385551,Lake Town,9099
2,22.59682654,88.40479681,Lake Town,9801
2,22.59763169,88.40568043,Lake Town,6264
2,22.59601119,88.40508035,Lake Town,6174
2,22.59519327,88.40565567,Lake Town,8514
2,22.59626679,88.40683382,Lake Town,6030
2,22.59843171,88.40714764,Lake Town,6174
2,22.59869497,88.40802577,Lake Town,6264
2,22.59733262,88.40888735,Lake Town,6525
2,22.59734286,88.4077202,Lake Town,7344
2,22.59464374,88.40652551,Lake Town,9099
2,22.59355488,88.40709807,Lake Town,9099
2,22.5943549,88.40856524,Lake Town,7227
2,22.5951549,88.41003243,Salt Lake,6264
2,22.59625144,88.40858453,Lake Town,6030
2,22.59543352,88.40915983,Lake Town,6525
2,22.5930079,88.40767612,Salt Lake,7227
2,22.59433697,88.41060771,Salt Lake,9099
2,22.58980008,88.40268292,Lake Town,7110
2,22.58573859,88.40235,Salt Lake,6264
2,22.58520944,88.40088569,Salt Lake,9801
2,22.59191648,88.40854043,Salt Lake,7344
2,22.59082762,88.40911296,Salt Lake,9801
2,22.59243017,88.4117555,Salt Lake,6174
2,22.5935216,88.41089121,Salt Lake,6264
2,22.56291104,88.40999606,Salt Lake,6264
2,22.56317942,88.41029053,Salt Lake,6264
2,22.5642606,88.41059327,Salt Lake,6525
2,22.56371361,88.41117119,Salt Lake,8514
2,22.5631743,88.41087396,Salt Lake,6174
2,22.56316918,88.41145739,Salt Lake,7110
2,22.56398198,88.41146567,Salt Lake,6264
2,22.56424267,88.4126353,Salt Lake,6174
2,22.56343242,88.4123353,Salt Lake,7110
2,22.56315123,88.41349941,Salt Lake,7227
2,22.56396404,88.41350769,Salt Lake,7110
2,22.56534178,88.41089602,Salt Lake,6264
2,22.5666939,88.41120153,Salt Lake,6264
2,22.56831439,88.41180153,Salt Lake,6264
2,22.5696665,88.41210706,Salt Lake,6174
2,22.57347497,88.41039528,Salt Lake,6030
2,22.57320915,88.40980904,Salt Lake,7110
2,22.57239891,88.40950904,Salt Lake,6030
2,22.57157074,88.41125118,Salt Lake,6264
2,22.57265448,88.41126221,Salt Lake,7344
2,22.57158354,88.40979251,Salt Lake,7344
2,22.57211773,88.41067323,Salt Lake,6174
2,22.57346729,88.41127049,Salt Lake,8280
2,22.57402196,88.40981731,Salt Lake,9099
2,22.57267496,88.40892832,Salt Lake,8514
2,22.57211005,88.41154843,Salt Lake,8514
2,22.57293054,88.4106815,Salt Lake,7227
2,22.57319635,88.41126773,Salt Lake,8514
2,22.5718468,88.41067047,Salt Lake,6030
2,22.57261856,88.41534652,Salt Lake,6525
2,22.57207669,88.41534098,Salt Lake,8514
2,22.57072715,88.41474369,Salt Lake,6264
2,22.57044851,88.41561611,Salt Lake,7227
2,22.57287921,88.41651623,Salt Lake,8280
2,22.57288949,88.41534928,Salt Lake,6264
2,22.53386719,88.35282272,Ballygunge,6525
2,22.53360115,88.35223676,Ballygunge,7227
2,22.5333302,88.35223412,Ballygunge,6264
2,22.53279077,88.35193719,Ballygunge,6030
2,22.53251982,88.35193455,Ballygunge,7227
2,22.53251492,88.35251787,Ballygunge,8280
2,22.53305681,88.35252315,Ballygunge,6174
2,22.53332285,88.35310911,Ballygunge,6264
2,22.52189104,88.39091341,Kasba,7344
2,22.52188096,88.39207994,Kasba,6264
2,22.52134665,88.39119961,Kasba,6525
2,22.5210631,88.39265505,Kasba,6525
2,22.52050607,88.39439939,Kasba,6174
2,22.51995661,88.39526884,Kasba,7344
2,22.51940968,88.39584665,Kasba,6264
2,22.52132394,88.39382429,Kasba,6030
2,22.52105048,88.3941132,Kasba,6030
2,22.52241779,88.39266863,Kasba,6525
2,22.52242536,88.39179373,Kasba,6264
2,22.52243292,88.39091883,Kasba,9099
2,22.57423903,88.4159466,Salt Lake,6264
2,22.57452281,88.41449067,Salt Lake,6030
2,22.57398094,88.41448513,Salt Lake,9801
2,22.57478089,88.41595213,Salt Lake,6030
3,22.49120349,88.36727896,Jadavpur,3105
3,22.49147196,88.36757319,Jadavpur,3573
3,22.49147443,88.36728162,Jadavpur,3573
3,22.49120596,88.36698739,Jadavpur,3456
3,22.49066408,88.36698206,Jadavpur,3456
3,22.49093255,88.3672763,Jadavpur,3222
3,22.49093007,88.36756787,Jadavpur,3690
3,22.49120101,88.36757053,Jadavpur,3690
3,22.4917429,88.36757585,Jadavpur,3222
3,22.49201137,88.36787009,Jadavpur,3600
3,22.49174043,88.36786743,Jadavpur,5094
3,22.49202374,88.36641223,Jadavpur,4419
3,22.49310256,88.36700602,Jadavpur,5004
3,22.49256315,88.36670912,Jadavpur,3456
3,22.49282915,88.36729493,Jadavpur,3573
3,22.4925582,88.36729227,Jadavpur,4419
3,22.49202126,88.3667038,Jadavpur,5940
3,22.49337103,88.36730026,Jadavpur,3573
3,22.4936395,88.3675945,Jadavpur,3456
3,22.49391044,88.36759716,Jadavpur,3690
3,22.49363703,88.36788607,Jadavpur,5004
3,22.49336856,88.36759183,Jadavpur,3690
3,22.49363455,88.36817765,Jadavpur,3690
3,22.49390549,88.36818031,Jadavpur,5355
3,22.49417891,88.3678914,Jadavpur,5940
3,22.49257551,88.36525125,Jadavpur,5940
3,22.49284892,88.36496234,Jadavpur,5094
3,22.49257798,88.36495968,Jadavpur,3690
3,22.49311493,88.36554815,Jadavpur,3573
3,22.49230457,88.3652486,Jadavpur,3573
3,22.4931174,88.36525657,Jadavpur,5940
3,22.49365681,88.36555346,Jadavpur,5940
3,22.49392775,88.36555612,Jadavpur,3690
3,22.4941987,88.36555878,Jadavpur,3105
3,22.49365928,88.36526189,Jadavpur,5094
3,22.49446964,88.36556144,Jadavpur,3690
3,22.4944647,88.3661446,Jadavpur,5940
3,22.49392528,88.3658477,Jadavpur,3105
3,22.49393023,88.36526455,Jadavpur,3573
3,22.49257304,88.36554283,Jadavpur,5940
3,22.49203362,88.36524594,Jadavpur,3456
3,22.49203609,88.36495437,Jadavpur,5004
3,22.49203115,88.36553751,Jadavpur,5940
3,22.49230704,88.36495702,Jadavpur,3690
3,22.49203362,88.36524594,Jadavpur,3573
3,22.62065091,88.40708179,Dum Dum,3600
3,22.62010904,88.40707628,Dum Dum,3690
3,22.61956973,88.40677893,Lake Town,5940
3,22.61902786,88.40677342,Lake Town,5940
3,22.61848599,88.4067679,Lake Town,5940
3,22.61875437,88.40706249,Lake Town,3573
3,22.61929367,88.40735984,Lake Town,3222
3,22.61983554,88.40736536,Dum Dum,5940
3,22.62037741,88.40737087,Dum Dum,3690
3,22.62038253,88.4067872,Dum Dum,3456
3,22.62064835,88.40737363,Dum Dum,5940
3,22.62145859,88.40767374,Dum Dum,3222
3,22.62172952,88.4076765,Dum Dum,3690
3,22.62173208,88.40738466,Dum Dum,3222
3,22.62227651,88.40709834,Dum Dum,3690
3,22.62227139,88.40768202,Dum Dum,3690
3,22.62281582,88.4073957,Dum Dum,5940
3,22.62281838,88.40710385,Dum Dum,5940
3,22.62227907,88.4068065,Dum Dum,5355
3,22.62200814,88.40680374,Dum Dum,5940
3,22.62226883,88.40797386,Dum Dum,5940
3,22.6228107,88.40797938,Dum Dum,5094
3,22.62281326,88.40768754,Dum Dum,3105
3,22.62308931,88.40710661,Dum Dum,5004
3,22.62362862,88.40740397,Dum Dum,3690
3,22.62389955,88.40740673,Dum Dum,3573
3,22.62416537,88.40799318,Dum Dum,3600
3,22.62416793,88.40770133,Dum Dum,3456
3,22.62335769,88.40740121,Dum Dum,3573
3,22.62281838,88.40710385,Dum Dum,5940
3,22.64694927,88.37407064,Lake Town,4419
3,22.64694677,88.37436253,Lake Town,3222
3,22.64667082,88.37494363,Lake Town,3222
3,22.64639989,88.37494093,Lake Town,5940
3,22.64640239,88.37464904,Lake Town,3690
3,22.6464074,88.37406524,Lake Town,5094
3,22.64668083,88.37377604,Lake Town,3690
3,22.64695427,88.37348684,Lake Town,4419
3,22.64722771,88.37319764,Lake Town,3690
3,22.64749865,88.37320033,Lake Town,3690
3,22.64722271,88.37378143,Lake Town,5004
3,22.64531864,88.37463825,Lake Town,3573
3,22.64559458,88.37405716,Lake Town,3690
3,22.64559959,88.37347337,Lake Town,5940
3,22.64560209,88.37318147,Lake Town,3222
3,22.64587553,88.37289227,Lake Town,5940
3,22.64587803,88.37260037,Lake Town,5004
3,22.64588302,88.37201658,Lake Town,5940
3,22.64671082,88.37027328,Lake Town,5940
3,22.64670583,88.37085707,Lake Town,3222
3,22.6464274,88.37173007,Lake Town,3222
3,22.64614396,88.37318686,Lake Town,3222
3,22.64613646,88.37406255,Lake Town,5940
3,22.64586052,88.37464364,Lake Town,3105
3,22.64616645,88.3705598,Lake Town,3456
3,22.64617393,88.36968411,Lake Town,3600
3,22.64617892,88.36910031,Lake Town,5940
3,22.64673575,88.3673543,Lake Town,5355
3,22.64674073,88.3667705,Lake Town,5940
3,22.64700917,88.36706508,Lake Town,3105
3,22.6470017,88.36794078,Lake Town,3690
3,22.64699672,88.36852458,Lake Town,3222
3,22.64672329,88.36881379,Lake Town,5940
3,22.6467208,88.36910569,Lake Town,5940
3,22.64671331,88.36998138,Lake Town,3222
3,22.64618141,88.36880842,Lake Town,3573
3,22.64700668,88.36735698,Lake Town,5004
3,22.64729255,88.36560827,Lake Town,3105
3,22.64702162,88.36560559,Lake Town,5094
3,22.64701913,88.36589749,Lake Town,3690
3,22.45024892,88.37183267,Garia,3573
3,22.44997798,88.37183,Garia,5940
3,22.44970703,88.37182734,Garia,3222
3,22.4488942,88.37181934,Garia,5940
3,22.44889172,88.37211082,Garia,3690
3,22.44943113,88.37240764,Garia,3600
3,22.44970456,88.37211882,Garia,3105
3,22.44862574,88.3715252,Garia,3456
3,22.44862078,88.37210816,Garia,5004
3,22.44835231,88.37181401,Garia,3573
3,22.44889916,88.37123638,Garia,5094
3,22.44944105,88.37124171,Garia,3456
3,22.44970951,88.37153586,Garia,3690
3,22.44996806,88.37299594,Garia,3690
3,22.4499631,88.37357891,Garia,5094
3,22.44942618,88.3729906,Garia,4419
3,22.44915027,88.3735709,Garia,5355
3,22.44915523,88.37298794,Garia,3456
3,22.44861334,88.3729826,Garia,3600
3,22.44861086,88.37327408,Garia,3690
3,22.44914531,88.37415386,Garia,3456
3,22.44995814,88.37416187,Garia,5940
3,22.4451369,88.43008148,Garia,5094
3,22.4448608,88.43066163,Garia,3690
3,22.44486855,88.42978723,Garia,3222
3,22.44432151,88.43036461,Garia,5940
3,22.44403506,88.43211061,Garia,3573
3,22.44348802,88.43268797,Garia,3690
3,22.44431117,88.43153046,Garia,5940
3,22.44322484,88.4318108,Garia,4419
3,22.44321967,88.43239373,Garia,5940
3,22.44430341,88.43240486,Garia,3573
3,22.44594971,88.43008981,Garia,3222
3,22.445413,88.42950132,Garia,3690
3,22.44648384,88.43096977,Garia,3222
3,22.44675736,88.43068109,Garia,5004
3,22.44810946,88.43098646,Garia,3690
3,22.44757017,88.43068942,Garia,5940
3,22.44757275,88.43039795,Garia,3573
3,22.44730698,88.42981223,Garia,3690
3,22.44702571,88.43097533,Garia,3573
3,22.44783077,88.43185809,Garia,5940
3,22.44783594,88.43127515,Garia,5094
3,22.44676253,88.43009815,Garia,3600
3,22.44838557,88.43040629,Garia,5094
3,22.44864875,88.43128349,Garia,5940
3,22.44893002,88.43012037,Garia,3690
3,22.44646574,88.43301006,Garia,3456
3,22.44619739,88.43271581,Garia,3690
3,22.4456581,88.43241877,Garia,3573
3,22.47065372,88.36212077,Garia,3600
3,22.47065372,88.36212077,Garia,5940
3,22.47065618,88.36182925,Garia,5940
3,22.47038278,88.36211813,Garia,3573
3,22.47065864,88.36153772,Garia,3222
3,22.47093205,88.36124884,Garia,3456
3,22.47120546,88.36095996,Garia,3222
3,22.47147394,88.36125413,Garia,5094
3,22.47120053,88.36154302,Garia,3573
3,22.47092713,88.3618319,Garia,3456
3,22.47147886,88.36067107,Garia,3573
3,22.47010937,88.362407,Garia,3573
3,22.46983842,88.36240435,Garia,5094
3,22.46983596,88.36269588,Garia,3690
3,22.46983103,88.36327893,Garia,3573
3,22.47010444,88.36299006,Garia,3573
3,22.47010691,88.36269853,Garia,3222
3,22.47038031,88.36240965,Garia,3573
3,22.47065126,88.3624123,Garia,4419
3,22.46956502,88.36269323,Garia,3690
3,22.46929161,88.3629821,Garia,3690
3,22.46902067,88.36297945,Garia,5940
3,22.46874972,88.3629768,Garia,5940
3,22.46848124,88.36268263,Garia,3222
3,22.46821522,88.36209693,Garia,3222
3,22.46821276,88.36238845,Garia,3222
3,22.46793935,88.36267733,Garia,5940
3,22.46766841,88.36267468,Garia,3222
3,22.46766841,88.36267468,Garia,4419
3,22.46712652,88.36266938,Garia,3573
3,22.46684818,88.36354129,Garia,3456
3,22.46712159,88.36325242,Garia,3456
3,22.46685557,88.36266673,Garia,5355
3,22.4665797,88.36324712,Garia,5940
3,22.46630876,88.36324446,Garia,3222
3,22.46603781,88.36324181,Garia,3573
3,22.46576687,88.36323916,Garia,4419
3,22.46549592,88.36323651,Garia,3456
3,22.465491,88.36381955,Garia,3222
3,22.465491,88.36381955,Garia,4419
3,22.46575947,88.36411372,Garia,4419
3,22.46575947,88.36411372,Garia,5940
3,22.46603042,88.36411637,Garia,3573
3,22.46657724,88.36353864,Garia,5940
3,22.46630383,88.3638275,Garia,5940
3,22.46494664,88.36410576,Garia,5940
3,22.46440229,88.36439197,Garia,3105
3,22.46440722,88.36380894,Garia,3573
3,22.46413627,88.36380629,Garia,3456
3,22.46386533,88.36380363,Garia,5094
3,22.46413134,88.36438931,Garia,5940
3,22.4638604,88.36438666,Garia,3222
3,22.46331851,88.36438136,Garia,3456
3,22.46359438,88.36380098,Garia,3690
3,22.4630525,88.36379568,Garia,5094
3,22.46304757,88.3643787,Garia,3573
3,22.46332098,88.36408984,Garia,3600
3,22.46277662,88.36437605,Garia,5940
3,22.46223473,88.36437074,Garia,3600
3,22.46251061,88.36379038,Garia,3600
3,22.46196625,88.36407658,Garia,3222
3,22.46169777,88.36378242,Garia,5940
3,22.46169038,88.36465695,Garia,3690
3,22.46196132,88.3646596,Garia,3690
3,22.4614219,88.36436279,Garia,5004
3,22.46114602,88.36494315,Garia,3600
3,22.46088247,88.36406597,Garia,5004
3,22.46142683,88.36377977,Garia,5940
3,22.46087754,88.36464899,Garia,3456
3,22.46061153,88.36406332,Garia,3690
3,22.46006964,88.36405802,Garia,3690
3,22.46006224,88.36493254,Garia,5940
3,22.4597913,88.36492988,Garia,3690
3,22.4597987,88.36405537,Garia,3222
3,22.45952529,88.36434422,Garia,3573
3,22.45924941,88.36492458,Garia,3600
3,22.45951789,88.36521873,Garia,3222
3,22.4597839,88.3658044,Garia,5355
3,22.46005978,88.36522404,Garia,3573
3,22.45870752,88.36491927,Garia,3690
3,22.45871245,88.36433626,Garia,3690
3,22.46007211,88.36376651,Garia,3690
3,22.45980363,88.36347236,Garia,3222
3,22.45953514,88.3631782,Garia,3600
3,22.47146902,88.36183719,Garia,3222
3,22.61621833,88.41812714,Dum Dum,3456
3,22.61567646,88.41812159,Dum Dum,5004
3,22.61594481,88.41841619,Dum Dum,3573
3,22.61594223,88.41870802,Dum Dum,5355
3,22.61567388,88.41841341,Dum Dum,3456
3,22.61540037,88.41870246,Dum Dum,3222
3,22.61540037,88.41870246,Dum Dum,5940
3,22.61539779,88.41899429,Dum Dum,3222
3,22.61512943,88.41869968,Dum Dum,5940
3,22.61512169,88.41957516,Dum Dum,5355
3,22.61485334,88.41928055,Dum Dum,5940
3,22.61511911,88.41986698,Dum Dum,4419
3,22.61538746,88.42016159,Dum Dum,3690
3,22.61539262,88.41957794,Dum Dum,5940
3,22.61566614,88.41928889,Dum Dum,5094
3,22.61593707,88.41929167,Dum Dum,3690
3,22.61593707,88.41929167,Dum Dum,3573
3,22.61566872,88.41899707,Dum Dum,3573
3,22.61594223,88.41870802,Dum Dum,5940
3,22.61621059,88.41900263,Dum Dum,3690
3,22.61621575,88.41841897,Dum Dum,5940
3,22.61593449,88.4195835,Dum Dum,3690
3,22.61593191,88.41987532,Dum Dum,5940
3,22.61566356,88.41958072,Dum Dum,3600
3,22.61565839,88.42016437,Dum Dum,5940
3,22.62631611,88.44041313,Rajarhat,3690
3,22.62631349,88.44070498,Rajarhat,5940
3,22.62631087,88.44099683,Rajarhat,4419
3,22.62630825,88.44128867,Rajarhat,3105
3,22.6265818,88.44099965,Rajarhat,5355
3,22.62685273,88.44100247,Rajarhat,3222
3,22.62685011,88.44129432,Rajarhat,3456
3,22.62712366,88.4410053,Rajarhat,3690
3,22.62739197,88.44129997,Rajarhat,4419
3,22.62738935,88.44159182,Rajarhat,3456
3,22.62711579,88.44188084,Rajarhat,5355
3,22.62684749,88.44158617,Rajarhat,3222
3,22.62657656,88.44158334,Rajarhat,5940
3,22.62657918,88.4412915,Rajarhat,5355
3,22.62630563,88.44158052,Rajarhat,5940
3,22.626303,88.44187236,Rajarhat,3105
3,22.6260347,88.44157769,Rajarhat,3222
3,22.62603732,88.44128585,Rajarhat,3690
3,22.62576377,88.44157487,Rajarhat,5004
3,22.62686584,88.43954324,Rajarhat,3690
3,22.62631874,88.44012129,Rajarhat,5355
3,22.62685797,88.44041878,Rajarhat,5004
3,22.62714462,88.43867052,Rajarhat,3600
3,22.62660014,88.43895673,Rajarhat,5940
3,22.62605043,88.43982662,Rajarhat,3690
1,22.53583685,88.37617702,Ballygunge,1482
1,22.53583685,88.37617702,Ballygunge,2630
1,22.53583935,88.37588536,Ballygunge,1797
1,22.53583935,88.37588536,Ballygunge,1590
1,22.53556841,88.37588268,Ballygunge,1771
1,22.53556841,88.37588268,Ballygunge,2139
1,22.53529497,88.37617165,Ballygunge,1599
1,22.53529497,88.37617165,Ballygunge,2507
1,22.53556342,88.376466,Ballygunge,2616
1,22.53556342,88.376466,Ballygunge,1490
1,22.53583436,88.37646869,Ballygunge,1498
1,22.53583436,88.37646869,Ballygunge,2407
1,22.53583685,88.37617702,Ballygunge,2090
1,22.53583685,88.37617702,Ballygunge,2244
1,22.53556591,88.37617434,Ballygunge,2725
1,22.53556342,88.376466,Ballygunge,2152
1,22.60260017,88.39522514,Lake Town,2655
1,22.60232669,88.39551421,Lake Town,1715
1,22.60205829,88.39521968,Lake Town,2007
1,22.60205576,88.39551148,Lake Town,2552
1,22.60178989,88.39492515,Lake Town,1227
1,22.60151642,88.39521421,Lake Town,2048
1,22.60151896,88.39492241,Lake Town,1715
1,22.60178736,88.39521694,Lake Town,2254
1,22.51010711,88.34267577,Tollygunge,1241
1,22.50983373,88.34296477,Tollygunge,2410
1,22.5098313,88.34325638,Tollygunge,2146
1,22.50982887,88.34354799,Tollygunge,1938
1,22.5092967,88.34237631,Tollygunge,1794
1,22.50902333,88.3426653,Tollygunge,2780
1,22.50874995,88.3429543,Tollygunge,1793
1,22.50874508,88.34353752,Tollygunge,1262
1,22.50901603,88.34354014,Tollygunge,2172
1,22.50874022,88.34412074,Tollygunge,2160
1,22.50929184,88.34295953,Tollygunge,2267
1,22.50957494,88.34150409,Tollygunge,1808
1,22.50930642,88.34120986,Tollygunge,2425
1,22.50903305,88.34149886,Tollygunge,1846
1,22.50847414,88.3435349,Tollygunge,1884
1,22.50846197,88.34499295,Tollygunge,2720
1,22.50873535,88.34470396,Tollygunge,2052
1,22.5090136,88.34383175,Tollygunge,2238
1,22.50901846,88.34324853,Tollygunge,1820
1,22.51010468,88.34296738,Tollygunge,2323
1,22.51037805,88.34267839,Tollygunge,1749
1,22.51038048,88.34238677,Tollygunge,1966
1,22.51037562,88.34297,Tollygunge,2773
1,22.55162091,88.39967114,Kasba,2076
1,22.55162345,88.39937945,Kasba,1483
1,22.55135252,88.39937671,Kasba,1319
1,22.55161838,88.39996283,Kasba,2484
1,22.55189439,88.39938218,Kasba,2610
1,22.55189185,88.39967387,Kasba,2685
1,22.55188931,88.39996557,Kasba,1503
1,22.55216533,88.39938491,Salt Lake,2279
1,22.55162599,88.39908775,Kasba,1332
1,22.55189947,88.39879879,Kasba,1715
1,22.55189693,88.39909048,Kasba,2400
1,22.55135505,88.39908502,Kasba,2571
1,22.55243373,88.39967934,Salt Lake,1669
1,22.55270212,88.39997377,Salt Lake,1310
1,22.55297306,88.3999765,Salt Lake,1224
1,22.5529756,88.39968481,Salt Lake,1207
1,22.55270466,88.39968207,Salt Lake,2927
1,22.55243627,88.39938764,Salt Lake,1816
1,22.59855639,88.39284983,Lake Town,1761
1,22.59855386,88.39314162,Lake Town,1269
1,22.59828546,88.3928471,Lake Town,2703
1,22.59828799,88.39255531,Lake Town,1342
1,22.59801705,88.39255258,Lake Town,1337
1,22.59801452,88.39284438,Lake Town,1621
1,22.59855133,88.39343341,Lake Town,2394
1,22.59828039,88.39343069,Lake Town,2762
1,22.59828292,88.39313889,Lake Town,2769
1,22.59935147,88.39490057,Lake Town,2427
1,22.59908307,88.39460605,Lake Town,2279
1,22.59881213,88.39460332,Lake Town,2272
1,22.59854373,88.39430879,Lake Town,2400
1,22.60097201,88.39550055,Lake Town,1866
1,22.60016174,88.39520056,Lake Town,2125
1,22.60232416,88.39580601,Lake Town,1400
1,22.60178482,88.39550874,Lake Town,2866
1,22.60259763,88.39551694,Lake Town,2164
1,22.60559567,88.39350434,Lake Town,2172
1,22.60613755,88.3935098,Lake Town,1766
1,22.58720485,88.3895259,Lake Town,1893
1,22.58693391,88.38952318,Lake Town,1824
1,22.58720737,88.38923413,Lake Town,2285
1,22.58720989,88.38894236,Lake Town,2700
1,22.58721494,88.38835882,Lake Town,2616
1,22.58667306,88.38835339,Lake Town,2526
1,22.58640465,88.3880589,Lake Town,2578
1,22.58612867,88.38863972,Lake Town,2869
1,22.58613119,88.38834795,Lake Town,1706
1,22.58667054,88.38864515,Lake Town,2454
1,22.58639708,88.38893421,Lake Town,2585
1,22.58666549,88.38922869,Lake Town,1750
1,22.58693643,88.38923141,Lake Town,1766
1,22.58639456,88.38922597,Lake Town,2816
1,22.58639708,88.38893421,Lake Town,2692
1,22.58757883,88.37756601,Lake Town,1463
1,22.58757633,88.37785778,Lake Town,1730
1,22.58757633,88.37785778,Lake Town,1273
1,22.58730539,88.37785508,Lake Town,2510
1,22.58757883,88.37756601,Lake Town,1712
1,22.58757633,88.37785778,Lake Town,1333
1,22.58730789,88.37756331,Lake Town,2805
1,22.58730789,88.37756331,Lake Town,2492
1,22.58703696,88.37756062,Lake Town,2191
1,22.58703445,88.37785239,Lake Town,2080
1,22.58730539,88.37785508,Lake Town,2747
1,22.58730539,88.37785508,Lake Town,2677
1,22.58703696,88.37756062,Lake Town,2009
1,22.58963318,88.39071746,Lake Town,2648
1,22.58936224,88.39071474,Lake Town,2405
1,22.58909383,88.39042025,Lake Town,2840
1,22.58882037,88.3907093,Lake Town,1454
1,22.58936224,88.39071474,Lake Town,2230
1,22.58963318,88.39071746,Lake Town,2276
1,22.58882289,88.39041753,Lake Town,2563
1,22.60205068,88.39609508,Lake Town,2848
1,22.60204815,88.39638688,Lake Town,2296
1,22.60177721,88.39638414,Lake Town,1936
1,22.60177975,88.39609234,Lake Town,2032
1,22.60095932,88.39695954,Lake Town,2289
1,22.60123026,88.39696227,Lake Town,1435
1,22.6088393,88.39441253,Lake Town,1631
1,22.60856837,88.3944098,Lake Town,2728
1,22.60829997,88.39411526,Lake Town,2381
1,22.60829743,88.39440707,Lake Town,1946
1,22.62781495,88.39343637,Lake Town,2268
1,22.62754655,88.39314179,Lake Town,1998
1,22.62781242,88.39372823,Lake Town,1423
1,22.62754402,88.39343364,Lake Town,1319
1,22.62726801,88.39401462,Lake Town,2214
1,22.5529036,88.37663799,Park Street,2335
1,22.55317454,88.37664067,Park Street,2703
1,22.55344298,88.37693506,Park Street,1605
1,22.55371392,88.37693775,Park Street,1246
1,22.55371891,88.37635435,Park Street,2766
1,22.55344797,88.37635166,Park Street,2119
1,22.5542583,88.37665143,Park Street,2596
1,22.55479768,88.37694851,Park Street,2186
1,22.55506612,88.3772429,Park Street,2768
1,22.55533706,88.37724559,Park Street,1497
1,22.555608,88.37724828,Park Street,1698
1,22.5556055,88.37753999,Park Street,1789
1,22.55398736,88.37664874,Park Street,1726
1,22.55263515,88.3763436,Park Street,2058
1,22.55290609,88.37634629,Park Street,2609
1,22.55854076,88.38282038,Park Street,2616
1,22.55826731,88.38310938,Park Street,1799
1,22.55799888,88.38281497,Park Street,2780
1,22.55772543,88.38310398,Park Street,2556
1,22.55772794,88.38281227,Park Street,1536
1,22.5574545,88.38310128,Park Street,2450
1,22.55691513,88.38280417,Park Street,1292
1,22.55691011,88.38338758,Park Street,2617
1,22.55636823,88.38338218,Park Street,2169
1,22.55609729,88.38337947,Park Street,2187
1,22.55690509,88.38397099,Park Street,2790
1,22.55690509,88.38397099,Park Street,2477
1,22.55717854,88.38368199,Park Street,2771
1,22.55662661,88.38484341,Park Street,1553
1,22.55662661,88.38484341,Park Street,1929
1,22.55608473,88.384838,Park Street,1763
1,22.5563607,88.38425729,Park Street,1538
1,22.55664168,88.38309317,Park Street,1814
1,22.55773296,88.38222885,Park Street,1335
1,22.55746202,88.38222615,Park Street,1846
1,22.51152245,88.33539844,Tollygunge,2847
1,22.51097572,88.33597647,Tollygunge,2432
1,22.51042899,88.33655449,Tollygunge,2769
1,22.51042657,88.3368461,Tollygunge,2155
1,22.51015321,88.33713511,Tollygunge,2558
1,22.50987984,88.33742412,Tollygunge,1570
1,22.50987499,88.33800735,Tollygunge,1639
1,22.50960647,88.33771313,Tollygunge,1613
1,22.50960163,88.33829635,Tollygunge,2100
1,22.51124909,88.33568746,Tollygunge,2071
1,22.53829753,88.34148977,Alipore,2900
1,22.53829266,88.34207311,Alipore,1402
1,22.53801685,88.34265384,Alipore,2415
1,22.53775078,88.34206787,Alipore,1534
1,22.53801685,88.34265384,Alipore,2883
