class,latitude,longitude,Location,Guidance Value(Rs. per square meter.)
0,12.97695583,77.64015352,Indiranagar,390040
0,12.97668484,77.64015066,Indiranagar,177000
0,12.97724926,77.63794577,Indiranagar,270000
0,12.97778844,77.63822782,Indiranagar,156030
0,12.97914901,77.63768946,Indiranagar,204300
0,12.97778564,77.63850414,Indiranagar,270000
0,12.97887241,77.63823925,Indiranagar,177000
0,12.9791378,77.63879477,Indiranagar,177000
0,12.97779125,77.63795149,Indiranagar,205000
0,12.9777688,77.64016211,Indiranagar,177000
0,12.97613724,77.64069759,Indiranagar,270000
0,12.97641104,77.64042413,Indiranagar,263700
0,12.97504766,77.64123879,Indiranagar,390040
0,12.97640262,77.6412531,Indiranagar,163000
0,12.97694179,77.64153515,Indiranagar,344500
0,12.97883312,77.64210785,Indiranagar,270000
0,12.97883031,77.64238418,Indiranagar,344500
0,12.97746693,77.64319884,Indiranagar,390040
0,12.9774585,77.64402782,Indiranagar,156030
0,12.97746131,77.64375149,Indiranagar,270000
0,12.97555875,77.64428408,Indiranagar,156030
0,12.97529337,77.64372857,Indiranagar,177000
0,12.97529899,77.64317592,Indiranagar,482300
0,12.97530461,77.64262327,Indiranagar,286020
0,12.97585221,77.64207635,Indiranagar,156030
0,12.97530742,77.64234695,Indiranagar,263700
0,12.97531303,77.6417943,Indiranagar,263700
0,12.97476824,77.6420649,Indiranagar,203000
0,12.97476544,77.64234122,Indiranagar,203000
0,12.97475982,77.64289387,Indiranagar,163000
0,12.97207797,77.64010203,Indiranagar,344500
0,12.97180697,77.64009917,Indiranagar,286020
0,12.97312263,77.64398197,Indiranagar,390040
0,12.97312825,77.64342933,Indiranagar,163000
0,12.97286288,77.64287382,Indiranagar,163000
0,12.97259188,77.64287096,Indiranagar,156030
0,12.97231808,77.64314442,Indiranagar,270000
0,12.97232089,77.6428681,Indiranagar,263700
0,12.97150511,77.64313583,Indiranagar,390040
0,12.97123412,77.64313297,Indiranagar,203000
0,12.97097155,77.64230114,Indiranagar,390040
0,12.97124254,77.64230401,Indiranagar,263700
0,12.97124815,77.64175137,Indiranagar,344500
0,12.97151915,77.64175423,Indiranagar,278600
0,12.97178452,77.64230973,Indiranagar,156030
0,12.9717761,77.64313869,Indiranagar,263700
0,12.9725975,77.64231832,Indiranagar,177000
0,12.97260031,77.642042,Indiranagar,162500
0,12.97232651,77.64231546,Indiranagar,163000
0,12.97287691,77.64149222,Indiranagar,156030
0,13.00844417,77.58133754,Malleshwaram,163000
0,13.00817042,77.58161111,Malleshwaram,344500
0,13.00789941,77.58160831,Malleshwaram,344500
0,13.00843867,77.58189029,Malleshwaram,263700
0,13.00870692,77.58216947,Malleshwaram,204300
0,13.00790491,77.58105556,Malleshwaram,204300
0,13.00763666,77.58077638,Malleshwaram,286020
0,13.00818142,77.58050561,Malleshwaram,204300
0,13.00791316,77.58022644,Malleshwaram,205000
0,13.00764491,77.57994726,Malleshwaram,390040
0,13.0076504,77.57939451,Malleshwaram,270000
0,13.00738215,77.57911534,Malleshwaram,270000
0,13.0073794,77.57939171,Malleshwaram,204300
0,13.00711114,77.57911254,Malleshwaram,278600
0,13.00683464,77.57966248,Malleshwaram,263700
0,13.00656089,77.57993605,Malleshwaram,204300
0,13.00628988,77.57993325,Malleshwaram,156030
0,13.00601613,77.58020682,Malleshwaram,482300
0,13.00546312,77.58130669,Malleshwaram,344500
0,13.00628439,77.58048599,Malleshwaram,278600
0,13.00573963,77.58075676,Malleshwaram,390040
0,13.00655264,77.58076517,Malleshwaram,156030
0,13.0068209,77.58104434,Malleshwaram,156030
0,13.00654989,77.58104154,Malleshwaram,270000
0,13.00736015,77.58132632,Malleshwaram,156030
0,13.0073464,77.58270819,Malleshwaram,390040
0,13.00707265,77.58298175,Malleshwaram,163000
0,13.00679339,77.58380806,Malleshwaram,390040
0,13.00706439,77.58381087,Malleshwaram,177000
0,13.00733539,77.58381368,Malleshwaram,390040
0,13.0076064,77.58381648,Malleshwaram,163000
0,13.0076119,77.58326374,Malleshwaram,270000
0,13.0073409,77.58326093,Malleshwaram,177000
0,13.00679614,77.58353169,Malleshwaram,203000
0,13.00680164,77.58297895,Malleshwaram,270000
0,13.00952269,77.58190151,Malleshwaram,263700
0,13.00952819,77.58134876,Malleshwaram,203000
0,13.00980194,77.58107519,Malleshwaram,286020
0,13.01007295,77.58107799,Malleshwaram,203000
0,13.01061496,77.5810836,Malleshwaram,482300
0,13.01034395,77.5810808,Malleshwaram,263700
0,13.01061771,77.58080723,Malleshwaram,270000
0,13.01034945,77.58052805,Malleshwaram,156030
0,13.00981019,77.58024606,Malleshwaram,177000
0,13.00981294,77.57996969,Malleshwaram,482300
0,13.01008395,77.57997249,Malleshwaram,482300
0,13.00982119,77.57914056,Malleshwaram,482300
0,13.01063145,77.57942534,Malleshwaram,177000
0,13.01090521,77.57915177,Malleshwaram,286020
0,13.01062596,77.5799781,Malleshwaram,263700
0,13.01116522,77.58026008,Malleshwaram,163000
0,13.01116797,77.5799837,Malleshwaram,205000
0,12.936599,77.61071513,Koramangala,482300
0,12.936057,77.61070949,Koramangala,205000
0,12.93551223,77.61098013,Koramangala,390040
0,12.9349647,77.61152707,Koramangala,156030
0,12.93630863,77.61264632,Koramangala,203000
0,12.93576663,77.61264068,Koramangala,156030
0,12.93575832,77.61346954,Koramangala,204300
0,12.93684232,77.61348083,Koramangala,162500
0,12.93630309,77.6131989,Koramangala,278600
0,12.93549009,77.61319043,Koramangala,270000
0,12.93712716,77.61210221,Koramangala,344500
0,12.93493702,77.61428993,Koramangala,203000
0,12.93493148,77.6148425,Koramangala,177000
0,12.93440609,77.61317914,Koramangala,344500
0,12.93518862,77.61622675,Koramangala,263700
0,12.93946908,77.62179777,Koramangala,278600
0,12.93918418,77.62317638,Koramangala,344500
0,12.93891596,77.62289726,Koramangala,390040
0,12.93838509,77.62178644,Koramangala,286020
0,12.9386672,77.62068412,Koramangala,482300
0,12.93972895,77.62290576,Koramangala,162500
0,12.93837953,77.62233901,Koramangala,156030
0,12.93890484,77.62400241,Koramangala,344500
0,12.94000829,77.62207972,Koramangala,270000
0,12.93782642,77.62343849,Koramangala,263700
0,12.93756098,77.62288309,Koramangala,162500
0,12.93893264,77.62123953,Koramangala,204300
0,12.93944684,77.62400808,Koramangala,286020
0,12.92940606,77.6252846,Koramangala,205000
0,12.92886685,77.62500266,Koramangala,162500
0,12.92805108,77.62527043,Koramangala,205000
0,12.92723809,77.62526193,Koramangala,163000
0,12.92669609,77.62525626,Koramangala,203000
0,12.925059,77.62634435,Koramangala,278600
0,12.92506456,77.6257918,Koramangala,482300
0,12.92534111,77.62524209,Koramangala,286020
0,12.92612351,77.6282896,Koramangala,278600
0,12.92558986,77.62745511,Koramangala,156030
0,12.92693371,77.62857438,Koramangala,263700
0,12.92802048,77.62830946,Koramangala,177000
0,12.92773835,77.62941172,Koramangala,270000
0,12.92772721,77.63051682,Koramangala,203000
0,12.92882512,77.6291468,Koramangala,482300
0,12.92828312,77.62914112,Koramangala,177000
0,12.9285736,77.62721003,Koramangala,278600
0,12.92830817,77.62665464,Koramangala,344500
0,12.92966593,77.62639255,Koramangala,270000
0,12.9294005,77.62583716,Koramangala,390040
0,12.93946352,77.62235035,Koramangala,203000
0,12.9389243,77.62206839,Koramangala,278600
0,12.93863663,77.62372329,Koramangala,344500
0,12.93972061,77.62373463,Koramangala,156030
0,12.93811131,77.62205989,Koramangala,390040
0,12.93784031,77.62205706,Koramangala,156030
0,12.93839342,77.62095757,Koramangala,203000
0,12.93920641,77.62096607,Koramangala,162500
0,12.93974285,77.62152431,Koramangala,390040
0,12.94027373,77.62263514,Koramangala,205000
0,12.93890206,77.6242787,Koramangala,344500
0,12.93809185,77.6239939,Koramangala,344500
0,12.93920919,77.62068978,Koramangala,162500
0,12.9400194,77.62097457,Koramangala,177000
0,12.94028485,77.62152998,Koramangala,263700
0,12.93579706,77.60960152,Koramangala,205000
0,12.93633906,77.60960715,Koramangala,270000
0,12.93766916,77.61210786,Koramangala,162500
0,12.93683678,77.61403341,Koramangala,162500
0,12.93738708,77.61321019,Koramangala,263700
0,12.93519416,77.61567418,Koramangala,278600
0,12.93546793,77.61540072,Koramangala,263700
0,12.9362837,77.61513291,Koramangala,156030
0,12.93628924,77.61458033,Koramangala,163000
0,12.93709946,77.61486509,Koramangala,205000
0,12.94570201,77.62186294,Koramangala,344500
0,12.94515167,77.62268616,Koramangala,204300
0,12.94515723,77.62213357,Koramangala,162500
0,12.94652056,77.62131885,Koramangala,162500
0,12.94624956,77.62131602,Koramangala,278600
0,12.94623288,77.6229738,Koramangala,390040
0,12.94704865,77.62270601,Koramangala,205000
0,12.94759342,77.62243538,Koramangala,270000
0,12.9747935,77.63957799,Indiranagar,205000
0,12.97424871,77.63984859,Indiranagar,204300
0,12.97424029,77.64067756,Indiranagar,163000
0,12.97423187,77.64150653,Indiranagar,286020
0,12.97423468,77.64123021,Indiranagar,263700
0,12.97560648,77.63958657,Indiranagar,344500
0,12.97533829,77.63930738,Indiranagar,177000
0,12.97371234,77.63929022,Indiranagar,205000
0,12.97369831,77.64067184,Indiranagar,278600
0,12.97315632,77.64066611,Indiranagar,286020
0,12.97288253,77.64093958,Indiranagar,278600
0,12.97368147,77.64232977,Indiranagar,156030
0,12.97448321,77.64344365,Indiranagar,390040
0,12.97421784,77.64288814,Indiranagar,263700
0,12.97637734,77.64374003,Indiranagar,203000
0,12.97665957,77.64263759,Indiranagar,203000
0,12.97693056,77.64264046,Indiranagar,278600
0,12.97691089,77.64457474,Indiranagar,344500
0,12.97748659,77.64126455,Indiranagar,205000
0,12.97828833,77.64237845,Indiranagar,278600
0,12.97828552,77.64265478,Indiranagar,278600
0,12.97774635,77.64237272,Indiranagar,286020
0,12.97857055,77.641276,Indiranagar,344500
0,12.97584659,77.642629,Indiranagar,278600
0,12.97583817,77.64345797,Indiranagar,390040
0,13.01060395,77.58218911,Malleshwaram,263700
0,13.0103357,77.58190993,Malleshwaram,163000
0,13.01032469,77.58301543,Malleshwaram,156030
0,13.01005644,77.58273625,Malleshwaram,278600
0,13.00951443,77.58273064,Malleshwaram,263700
0,13.00924618,77.58245146,Malleshwaram,203000
0,13.00923517,77.58355695,Malleshwaram,204300
0,13.00842491,77.58327216,Malleshwaram,278600
0,13.00842767,77.58299578,Malleshwaram,205000
0,13.00870142,77.58272222,Malleshwaram,390040
0,13.00872068,77.5807876,Malleshwaram,163000
0,13.00872892,77.57995847,Malleshwaram,278600
0,13.00900268,77.5796849,Malleshwaram,390040
0,13.00900817,77.57913215,Malleshwaram,482300
0,13.00793514,77.57801544,Malleshwaram,205000
0,13.00846342,77.57940292,Malleshwaram,270000
0,13.0079269,77.57884457,Malleshwaram,286020
0,13.00955843,77.57830863,Malleshwaram,344500
0,13.01091345,77.57832264,Malleshwaram,204300
0,13.00925994,77.58106958,Malleshwaram,286020
0,12.93131416,77.62419933,Koramangala,344500
0,12.93049839,77.6244671,Koramangala,177000
0,12.93051228,77.62308571,Koramangala,270000
0,12.94650665,77.62270034,Koramangala,203000
0,12.94706533,77.62104823,Koramangala,278600
0,12.97920034,77.57854793,Malleshwaram,278600
0,12.97976702,77.57606643,Malleshwaram,278600
0,12.97867751,77.57660794,Malleshwaram,263700
0,12.97784532,77.57853395,Malleshwaram,344500
0,12.97702408,77.57935459,MG Road,390040
0,12.97730879,77.57797568,Malleshwaram,278600
0,12.98562757,77.58635279,MG Road,163000
0,12.98535932,77.58607364,MG Road,390040
0,12.98648731,77.58166327,Malleshwaram,177000
0,12.98811059,77.58195642,Malleshwaram,482300
0,12.98730307,77.58139532,Malleshwaram,390040
0,12.98704853,77.57973442,Malleshwaram,482300
0,12.98569076,77.57999678,Malleshwaram,344500
0,12.98459851,77.58081463,Malleshwaram,163000
0,12.98570722,77.57833868,Malleshwaram,286020
0,12.98598645,77.57751242,Malleshwaram,270000
0,12.98490517,77.57722489,Malleshwaram,204300
0,12.98112205,77.57608039,Malleshwaram,203000
0,12.9778508,77.57798127,Malleshwaram,344500
0,12.9783791,77.57936857,Malleshwaram,286020
0,12.9770323,77.57852557,Malleshwaram,203000
0,12.97946038,77.57965609,Malleshwaram,390040
0,12.98029533,77.57745373,Malleshwaram,205000
0,12.98005445,77.57441116,Rajajinagar,482300
0,12.98653943,77.57641261,Malleshwaram,162500
0,12.9870787,77.57669455,Malleshwaram,204300
0,12.98679124,77.57834986,Malleshwaram,278600
0,12.987336,77.57807911,Malleshwaram,162500
0,12.98544992,77.57695413,Malleshwaram,205000
0,12.98436042,77.57749565,Malleshwaram,162500
0,12.98409215,77.57721651,Malleshwaram,344500
0,12.98408393,77.57804555,Malleshwaram,163000
0,12.98434396,77.57915374,Malleshwaram,482300
0,12.98541701,77.58027033,Malleshwaram,203000
0,12.98542524,77.57944128,Malleshwaram,278600
0,12.9867638,77.58111337,Malleshwaram,205000
0,12.98675556,77.58194242,Malleshwaram,163000
0,12.98702932,77.58166887,Malleshwaram,390040
0,12.98756583,77.58222717,Malleshwaram,205000
0,12.98865534,77.58168567,Malleshwaram,162500
0,12.92833041,77.62444444,Koramangala,156030
0,12.92805942,77.6244416,Koramangala,204300
0,12.92778564,77.62471504,Koramangala,205000
0,12.9275202,77.62415966,Koramangala,278600
0,12.92697821,77.62415399,Koramangala,344500
0,12.92859307,77.6252761,Koramangala,163000
0,12.92967984,77.62501116,Koramangala,177000
0,12.92914062,77.62472921,Koramangala,163000
0,12.92912672,77.6261106,Koramangala,205000
0,12.93023573,77.62363544,Koramangala,482300
0,12.93023851,77.62335916,Koramangala,205000
0,12.93023851,77.62335916,Koramangala,156030
0,12.92996751,77.62335632,Koramangala,278600
0,12.92969373,77.62362977,Koramangala,204300
0,12.93077494,77.62391738,Koramangala,163000
0,12.92885016,77.62666031,Koramangala,156030
0,12.92858195,77.6263812,Koramangala,156030
0,12.92908497,77.63025474,Koramangala,286020
0,12.92827477,77.62996995,Koramangala,162500
0,12.92587477,77.62607658,Koramangala,263700
0,12.92643344,77.6244246,Koramangala,482300
0,12.92698376,77.62360145,Koramangala,205000
0,12.92780231,77.62305739,Koramangala,344500
0,12.92834708,77.62278678,Koramangala,204300
0,12.92888908,77.62279244,Koramangala,203000
0,12.98598097,77.57806512,Malleshwaram,482300
0,12.98597,77.57917052,Malleshwaram,390040
0,12.98570173,77.57889138,Malleshwaram,270000
0,12.98675831,77.58166607,Malleshwaram,482300
0,12.98732502,77.57918451,Malleshwaram,270000
0,12.98541976,77.57999398,Malleshwaram,390040
0,12.9856935,77.57972043,Malleshwaram,205000
0,12.98541701,77.58027033,Malleshwaram,278600
0,12.9853923,77.58275746,Malleshwaram,286020
0,12.98431103,77.58246991,Malleshwaram,390040
0,12.97865833,77.57854234,Malleshwaram,177000
0,12.97866107,77.57826599,Malleshwaram,263700
0,12.97865011,77.57937136,Malleshwaram,286020
0,13.00788841,77.5827138,Malleshwaram,263700
0,13.00789391,77.58216105,Malleshwaram,177000
0,13.00762291,77.58215825,Malleshwaram,482300
0,13.00789391,77.58216105,Malleshwaram,286020
0,13.00815941,77.5827166,Malleshwaram,270000
0,13.00843317,77.58244304,Malleshwaram,162500
0,13.00789666,77.58188468,Malleshwaram,263700
0,13.0073629,77.58104995,Malleshwaram,162500
0,13.0070919,77.58104715,Malleshwaram,163000
0,13.0070974,77.5804944,Malleshwaram,205000
0,13.00710015,77.58021803,Malleshwaram,163000
0,13.00763941,77.58050001,Malleshwaram,177000
0,13.00788291,77.58326655,Malleshwaram,270000
0,13.00841941,77.58382491,Malleshwaram,204300
0,13.01172097,77.5788838,Malleshwaram,163000
0,13.01200022,77.57805747,Malleshwaram,270000
0,13.01173196,77.57777829,Malleshwaram,482300
0,13.01226573,77.57861303,Malleshwaram,482300
0,13.01172647,77.57833104,Malleshwaram,162500
0,13.01172921,77.57805466,Malleshwaram,162500
0,13.01145546,77.57832824,Malleshwaram,203000
0,13.00706989,77.58325813,Malleshwaram,177000
0,13.00652789,77.58325251,Malleshwaram,286020
0,13.00625963,77.58297333,Malleshwaram,390040
0,13.00598863,77.58297053,Malleshwaram,344500
0,13.00572038,77.58269135,Malleshwaram,203000
0,13.00571487,77.58324409,Malleshwaram,163000
0,13.00625138,77.58380245,Malleshwaram,204300
0,13.00598037,77.58379964,Malleshwaram,278600
0,13.00570937,77.58379684,Malleshwaram,270000
0,12.92881676,77.62997563,Koramangala,390040
0,12.9285402,77.63052534,Koramangala,203000
0,12.92935875,77.6299813,Koramangala,205000
0,12.92936432,77.62942875,Koramangala,156030
0,12.92909333,77.62942591,Koramangala,286020
0,12.92880562,77.63108073,Koramangala,156030
0,12.92935875,77.6299813,Koramangala,162500
0,12.92909054,77.62970219,Koramangala,344500
0,12.92854298,77.63024906,Koramangala,162500
2,13.00341862,77.62302087,Indiranagar,120000
2,13.00315042,77.62274166,Indiranagar,111450
2,13.00287943,77.62273881,Indiranagar,122000
2,13.00260284,77.62328868,Indiranagar,100000
2,13.00260005,77.62356504,Indiranagar,97000
2,13.00259726,77.6238414,Indiranagar,95000
2,13.00286546,77.62412061,Indiranagar,111450
2,13.00205806,77.62355934,Indiranagar,100000
2,13.00394944,77.62413201,Indiranagar,90000
2,13.00258887,77.62467047,Indiranagar,100000
2,13.0015021,77.62493543,Indiranagar,100400
2,13.00150769,77.62438271,Indiranagar,120000
2,13.00367006,77.62495823,Indiranagar,100400
2,13.003427,77.62219179,Indiranagar,95000
2,13.00288501,77.62218609,Indiranagar,120000
2,13.00207202,77.62217755,Indiranagar,97000
2,13.00179824,77.62245106,Indiranagar,95000
2,13.00151607,77.62355364,Indiranagar,94800
2,13.00097966,77.62299523,Indiranagar,100000
2,13.00125904,77.62216901,Indiranagar,95000
2,13.00527825,77.5998234,Malleshwaram,150000
2,13.00527271,77.60037613,Malleshwaram,100400
2,13.00472794,77.60064685,MG Road,122000
2,13.00473901,77.59954138,Malleshwaram,94800
2,13.00553263,77.60148442,MG Road,122000
2,13.00580917,77.60093451,Hebbal,150000
2,13.00581471,77.60038178,Malleshwaram,111450
2,13.00528378,77.59927066,Malleshwaram,94800
2,13.00474178,77.59926502,Malleshwaram,100400
2,13.00582025,77.59982904,Malleshwaram,150000
2,13.00502109,77.59843874,Malleshwaram,97000
2,13.00501278,77.59926784,Malleshwaram,97000
2,13.00690702,77.59956397,Hebbal,122000
2,13.00637055,77.59900559,Malleshwaram,90000
2,13.00635948,77.60011106,Hebbal,100400
2,13.00662217,77.60094299,Hebbal,95000
2,13.00635394,77.6006638,Hebbal,100000
2,13.00607463,77.60149007,Hebbal,95000
2,13.00526717,77.60092886,MG Road,94800
2,13.00582855,77.59899994,Malleshwaram,105200
2,12.91321378,77.64528426,HSR Layout,100000
2,12.91321098,77.64556052,HSR Layout,100400
2,12.91293439,77.64611017,HSR Layout,111450
2,12.91267459,77.6450023,HSR Layout,94800
2,12.9126606,77.64638358,HSR Layout,150000
2,12.9126578,77.64665983,HSR Layout,122000
2,12.9123924,77.64610447,HSR Layout,122000
2,12.9123952,77.64582821,HSR Layout,122000
2,12.91295957,77.64362388,HSR Layout,150000
2,12.91323336,77.64335048,HSR Layout,122000
2,12.91296516,77.64307137,HSR Layout,97000
2,12.91242317,77.64306567,HSR Layout,111450
2,12.91187839,77.64333623,HSR Layout,111450
2,12.91079442,77.64332483,HSR Layout,120000
2,12.91080001,77.64277232,HSR Layout,120000
2,12.91026361,77.64221412,HSR Layout,100400
2,12.90970486,77.64386593,HSR Layout,95000
2,12.90971324,77.64303718,HSR Layout,100400
2,12.90971324,77.64303718,HSR Layout,122000
2,12.90969087,77.64524719,HSR Layout,95000
2,12.90914609,77.64551774,HSR Layout,100000
2,12.9091405,77.64607024,HSR Layout,111450
2,12.90942268,77.64496809,HSR Layout,100400
2,12.91023286,77.64525289,HSR Layout,100400
2,12.91023566,77.64497664,HSR Layout,97000
2,12.91021327,77.64718665,HSR Layout,97000
2,12.90940029,77.64717809,HSR Layout,100400
2,12.90966569,77.64773345,HSR Layout,111450
2,12.9091237,77.64772774,HSR Layout,95000
2,13.00341304,77.62357359,Indiranagar,94800
2,13.00423161,77.62302941,Indiranagar,120000
2,13.00423999,77.62220033,Indiranagar,94800
2,13.00257769,77.6257759,Indiranagar,100000
2,13.0017647,77.62576735,Indiranagar,120000
2,13.00204129,77.62521749,Indiranagar,90000
2,13.00043488,77.62326589,Indiranagar,95000
2,13.00366167,77.62578731,Indiranagar,94800
2,13.00366726,77.62523459,Indiranagar,94800
2,13.00447186,77.62607223,Indiranagar,120000
2,13.00446346,77.62690131,Indiranagar,95000
2,13.00419247,77.62689845,Indiranagar,122000
2,13.00474565,77.62579872,Indiranagar,95000
2,13.00475404,77.62496964,Indiranagar,120000
2,13.00501664,77.62580157,Indiranagar,100400
2,13.00502783,77.62469613,Indiranagar,100000
2,13.00557541,77.62414911,Indiranagar,105200
2,13.00503901,77.62359068,Indiranagar,111450
2,13.0050446,77.62303796,Indiranagar,111450
2,13.00449702,77.62358498,Indiranagar,97000
2,13.00612019,77.62387845,Indiranagar,122000
2,13.00585479,77.62332287,Indiranagar,122000
2,13.00559217,77.62249094,Indiranagar,100000
2,13.00556423,77.62525455,Indiranagar,105200
2,13.00611181,77.62470753,Indiranagar,100000
2,12.91290919,77.64859646,HSR Layout,120000
2,12.91318578,77.64804681,HSR Layout,100400
2,12.91345957,77.64777341,HSR Layout,90000
2,12.91426695,77.64833449,HSR Layout,95000
2,12.91428095,77.64695321,HSR Layout,150000
2,12.91209621,77.64858789,HSR Layout,90000
2,12.91128604,77.64830308,HSR Layout,90000
2,12.91099543,77.65023398,HSR Layout,100400
2,12.91019647,77.64884416,HSR Layout,95000
2,12.91181121,77.6499663,HSR Layout,97000
2,12.91343716,77.64998345,HSR Layout,94800
2,12.91371936,77.64888128,HSR Layout,120000
2,12.91425013,77.64999202,HSR Layout,95000
2,12.91425294,77.64971576,HSR Layout,97000
2,12.91288396,77.65108274,HSR Layout,100400
2,12.91206818,77.65135042,HSR Layout,95000
2,12.91396512,77.65137043,HSR Layout,97000
2,12.91314934,77.65163811,HSR Layout,111450
2,12.91451552,77.65054739,HSR Layout,97000
2,12.91479492,77.64972148,HSR Layout,95000
2,12.91480613,77.64861645,HSR Layout,95000
2,12.91481453,77.64778769,HSR Layout,122000
2,12.91402955,77.64501656,HSR Layout,105200
2,13.00358756,77.55171248,Rajajinagar,111450
2,13.00359299,77.55115973,Rajajinagar,111450
2,13.00277996,77.55115142,Rajajinagar,120000
2,13.00196421,77.55141948,Rajajinagar,111450
2,13.00197508,77.55031398,Rajajinagar,105200
2,13.00252253,77.54976677,Rajajinagar,100400
2,13.00306455,77.54977231,Rajajinagar,95000
2,13.00465801,77.55310545,Rajajinagar,100400
2,13.0038477,77.55282075,Rajajinagar,97000
2,13.00276909,77.55225691,Rajajinagar,100400
2,13.00116476,77.5500293,Rajajinagar,105200
2,13.0011729,77.54920018,Rajajinagar,105200
2,13.00440331,77.55144442,Rajajinagar,105200
2,13.00276093,77.55308603,Rajajinagar,111450
2,13.00356581,77.55392348,Rajajinagar,100400
2,13.00410783,77.55392903,Rajajinagar,90000
2,13.0027555,77.55363878,Rajajinagar,100400
2,13.0019479,77.55307772,Rajajinagar,97000
2,13.00520547,77.55255824,Rajajinagar,100400
2,13.00491814,77.55421372,Rajajinagar,100400
2,13.00444675,77.54702239,Rajajinagar,100400
2,13.00362829,77.54756684,Rajajinagar,105200
2,13.00282339,77.54672942,Rajajinagar,100400
2,13.00364999,77.54535583,Rajajinagar,122000
2,13.00391286,77.54618773,Rajajinagar,95000
2,13.00309983,77.54617943,Rajajinagar,120000
2,13.0044359,77.5481279,Rajajinagar,97000
2,13.00280983,77.54811129,Rajajinagar,100400
2,13.00551994,77.54813897,Rajajinagar,105200
2,13.00552808,77.54730983,Rajajinagar,97000
2,13.00553351,77.54675708,Rajajinagar,95000
2,13.00716772,77.54594454,Rajajinagar,111450
2,13.00772059,77.54484454,Rajajinagar,120000
2,13.00663112,77.54538625,Rajajinagar,122000
2,13.00582079,77.54510157,Rajajinagar,100000
2,13.00664196,77.54428073,Rajajinagar,150000
2,13.00769346,77.54760835,Rajajinagar,150000
2,13.00661756,77.54676814,Rajajinagar,94800
2,12.9335728,77.58802572,Jayanagar,97000
2,12.93305272,77.58580981,Jayanagar,100400
2,12.93548354,77.58666383,Jayanagar,150000
2,12.93493605,77.58721082,Jayanagar,97000
2,12.92766819,77.58216227,Jayanagar,95000
2,12.92415058,77.58157348,Jayanagar,90000
2,12.92385223,77.5843335,Jayanagar,111450
2,12.92574927,77.58435302,Jayanagar,100000
2,12.92684697,77.58298276,Jayanagar,100400
2,12.92632683,77.58076692,Jayanagar,95000
2,12.92604215,77.58214555,Jayanagar,122000
2,12.92334302,77.58101256,Jayanagar,95000
2,12.92198526,77.58127491,Jayanagar,111450
2,12.92251361,77.58266188,Jayanagar,122000
2,12.92277094,77.58404606,Jayanagar,95000
2,12.92275726,77.58542746,Jayanagar,100400
2,12.928473,77.58299949,Jayanagar,94800
2,12.92901501,77.58300507,Jayanagar,100400
2,12.92900133,77.5843865,Jayanagar,150000
2,12.92899038,77.58549164,Jayanagar,120000
2,12.92817737,77.58548327,Jayanagar,105200
2,12.92898217,77.5863205,Jayanagar,100000
2,12.92820473,77.58272042,Jayanagar,94800
2,12.92793099,77.58299392,Jayanagar,97000
2,12.91536772,77.64668837,HSR Layout,94800
2,12.91458832,77.64336473,HSR Layout,100400
2,12.91240919,77.64444694,HSR Layout,150000
2,12.91456034,77.64612729,HSR Layout,120000
2,12.91537612,77.6458596,HSR Layout,150000
2,12.91237841,77.64748574,HSR Layout,100400
2,12.91045625,77.64995202,HSR Layout,100000
2,12.91431733,77.64336188,HSR Layout,122000
2,12.91593489,77.64420776,HSR Layout,95000
2,12.91698807,77.64725801,HSR Layout,122000
2,12.91672828,77.64615013,HSR Layout,100400
2,12.91614147,77.65056454,HSR Layout,111450
2,12.91449588,77.65248117,HSR Layout,105200
2,12.90964328,77.64994345,HSR Layout,105200
2,12.91585926,77.6516667,HSR Layout,94800
2,13.00636502,77.59955833,Malleshwaram,120000
2,13.00609402,77.5995555,Malleshwaram,100000
2,13.00636779,77.59928196,Malleshwaram,122000
2,13.00450819,77.62247954,Indiranagar,100400
2,13.00505298,77.62220888,Indiranagar,122000
2,13.00478198,77.62220603,Indiranagar,97000
2,13.00477081,77.62331147,Indiranagar,111450
2,13.00396061,77.62302657,Indiranagar,111450
2,13.00368962,77.62302372,Indiranagar,97000
2,13.00422043,77.62413486,Indiranagar,100400
2,13.00421205,77.62496394,Indiranagar,95000
2,13.00475963,77.62441692,Indiranagar,90000
2,13.0039662,77.62247385,Indiranagar,120000
2,13.00397179,77.62192113,Indiranagar,100400
2,13.00339906,77.62495538,Indiranagar,120000
2,13.00367565,77.62440551,Indiranagar,95000
2,13.00393546,77.6255138,Indiranagar,95000
2,13.00447745,77.62551951,Indiranagar,150000
2,12.93143217,77.58524048,Jayanagar,97000
2,12.93142121,77.58634563,Jayanagar,100400
2,12.93115021,77.58634284,Jayanagar,95000
2,12.93115021,77.58634284,Jayanagar,94800
2,12.92925317,77.58632329,Jayanagar,111450
2,12.92954334,77.58439208,Jayanagar,94800
2,12.92954882,77.58383951,Jayanagar,95000
2,12.92955155,77.58356322,Jayanagar,95000
2,12.92900954,77.58355764,Jayanagar,150000
2,12.92793373,77.58271763,Jayanagar,90000
2,13.00443861,77.54785152,Rajajinagar,95000
2,13.00416489,77.54812513,Rajajinagar,94800
2,13.00389659,77.54784599,Rajajinagar,95000
2,13.00417031,77.54757238,Rajajinagar,105200
2,13.00390473,77.54701686,Rajajinagar,100000
2,13.00610232,77.5987264,Malleshwaram,120000
2,13.00583132,77.59872358,Malleshwaram,97000
2,13.00556032,77.59872075,Malleshwaram,150000
2,13.00528932,77.59871793,Malleshwaram,94800
2,13.00501832,77.59871511,Malleshwaram,122000
2,12.91672268,77.64670264,HSR Layout,111450
2,12.91645169,77.64669979,HSR Layout,90000
2,12.91644329,77.64752856,HSR Layout,95000
2,12.91617229,77.64752571,HSR Layout,122000
2,12.91698247,77.64781053,HSR Layout,95000
2,12.91697687,77.64836305,HSR Layout,122000
2,12.91752165,77.6480925,HSR Layout,90000
2,12.91724505,77.64864216,HSR Layout,100400
2,12.91453514,77.6486136,HSR Layout,100400
2,12.91453794,77.64833734,HSR Layout,120000
2,12.91454354,77.64778483,HSR Layout,97000
2,12.91508553,77.64779054,HSR Layout,111450
2,12.91509113,77.64723803,HSR Layout,100400
2,12.91509393,77.64696177,HSR Layout,95000
2,12.91400436,77.64750287,HSR Layout,94800
2,12.91373337,77.64750001,HSR Layout,105200
2,12.91372496,77.64832878,HSR Layout,100000
2,12.91398475,77.64943665,HSR Layout,100400
2,12.91452953,77.64916611,HSR Layout,95000
2,12.91453234,77.64888985,HSR Layout,100400
2,12.91560229,77.65028256,HSR Layout,150000
2,12.91560509,77.65000631,HSR Layout,95000
2,12.91505189,77.65110561,HSR Layout,95000
2,12.91613305,77.65139331,HSR Layout,111450
2,12.91559668,77.65083508,HSR Layout,105200
2,12.91506311,77.65000059,HSR Layout,95000
2,12.91506591,77.64972434,HSR Layout,95000
2,12.91452393,77.64971862,HSR Layout,95000
2,12.91318018,77.64859932,HSR Layout,120000
2,12.9126438,77.6480411,HSR Layout,100000
2,12.91292039,77.64749145,HSR Layout,95000
2,12.91319418,77.64721805,HSR Layout,105200
2,12.91292599,77.64693894,HSR Layout,105200
2,12.91375016,77.64584248,HSR Layout,111450
2,12.91348197,77.64556337,HSR Layout,95000
2,12.91429215,77.64584819,HSR Layout,95000
2,12.91428375,77.64667695,HSR Layout,150000
2,12.91457154,77.64502227,HSR Layout,100000
2,12.91430054,77.64501942,HSR Layout,150000
2,12.91429495,77.64557193,HSR Layout,122000
2,12.91402396,77.64556908,HSR Layout,150000
2,12.91483413,77.64585389,HSR Layout,95000
2,12.91510233,77.646133,HSR Layout,94800
2,12.91511072,77.64530423,HSR Layout,120000
2,12.91482854,77.6464064,HSR Layout,97000
2,12.9159181,77.64586531,HSR Layout,122000
2,12.9159153,77.64614156,HSR Layout,94800
2,12.9159125,77.64641782,HSR Layout,150000
2,12.9161779,77.64697319,HSR Layout,105200
2,12.91668625,77.650294,HSR Layout,100000
2,12.91640965,77.65084365,HSR Layout,97000
2,12.91641806,77.65001488,HSR Layout,111450
2,12.91695444,77.65057311,HSR Layout,100400
2,12.91640404,77.65139617,HSR Layout,94800
2,12.91614427,77.65028828,HSR Layout,95000
2,12.91722823,77.65029971,HSR Layout,95000
2,12.91777863,77.64947666,HSR Layout,100400
2,12.91778424,77.64892414,HSR Layout,95000
2,12.91833182,77.64837733,HSR Layout,95000
2,12.92790362,77.58575676,Jayanagar,111450
2,12.92736161,77.58575118,Jayanagar,95000
2,12.9268196,77.5857456,Jayanagar,100400
2,12.92573832,77.58545815,Jayanagar,94800
2,12.92519631,77.58545257,Jayanagar,100400
2,12.9252182,77.58324232,Jayanagar,100400
2,12.92603122,77.58325068,Jayanagar,111450
2,12.92576294,77.58297161,Jayanagar,94800
2,12.92602027,77.58435581,Jayanagar,100400
2,12.92655955,77.58463767,Jayanagar,100000
2,12.92712344,77.58243298,Jayanagar,97000
2,12.92766272,77.58271484,Jayanagar,105200
2,12.92738898,77.58298834,Jayanagar,150000
2,12.9265787,77.58270369,Jayanagar,111450
2,12.92712891,77.58188041,Jayanagar,100000
2,12.92655134,77.58546652,Jayanagar,100400
2,12.92655681,77.58491396,Jayanagar,120000
2,12.92600932,77.58546094,Jayanagar,120000
2,12.9260148,77.58490838,Jayanagar,90000
3,13.00030008,77.55527205,Rajajinagar,50000
3,12.99948433,77.5555401,Rajajinagar,53700
3,13.00110223,77.55638586,Rajajinagar,53700
3,12.99947617,77.55636921,Rajajinagar,55900
3,13.0008421,77.5552776,Rajajinagar,51100
3,12.97771651,77.53652391,Rajajinagar,50000
3,12.97717449,77.53651841,Rajajinagar,53700
3,12.9771637,77.5376238,Rajajinagar,51100
3,12.97662706,77.53706561,Rajajinagar,68350
3,12.97636414,77.53623381,Rajajinagar,80000
3,12.9780064,77.5345922,Rajajinagar,51100
3,12.97746167,77.53486306,Rajajinagar,50000
3,12.97529625,77.53456473,Rajajinagar,81500
3,12.9761066,77.53484932,Rajajinagar,71700
3,12.97639377,77.53319398,Rajajinagar,62000
3,12.96719001,77.53199531,Rajajinagar,71700
3,12.96773204,77.5320008,Rajajinagar,72010
3,12.96665604,77.53116081,Rajajinagar,50900
3,12.96774011,77.53117178,Rajajinagar,50000
3,12.96747178,77.5308927,Rajajinagar,52000
3,12.96692975,77.53088721,Rajajinagar,52000
3,12.96664529,77.53226617,Rajajinagar,68350
3,12.96719539,77.53144263,Rajajinagar,72400
3,12.96856122,77.53035098,Rajajinagar,71700
3,12.96802456,77.52979282,Rajajinagar,53700
3,12.96775892,77.5292374,Rajajinagar,67020
3,12.97314159,77.53316104,Rajajinagar,79300
3,12.97287595,77.5326056,Rajajinagar,62000
3,12.97233392,77.53260011,Rajajinagar,59000
3,12.97152088,77.53259188,Rajajinagar,72010
3,12.97098423,77.53203371,Rajajinagar,81500
3,12.97258879,77.53426093,Rajajinagar,68350
3,12.97177305,77.53452903,Rajajinagar,80000
3,12.97339914,77.53454551,Rajajinagar,87300
3,12.97395194,77.53344562,Rajajinagar,52000
3,12.97396271,77.53234023,Rajajinagar,59000
3,12.97450474,77.53234572,Rajajinagar,59000
3,12.97099498,77.53092833,Rajajinagar,72010
3,12.97098961,77.53148102,Rajajinagar,80000
3,12.97123102,77.53452354,Rajajinagar,80000
3,12.97097885,77.53258639,Rajajinagar,50000
3,12.99976078,77.55499013,Rajajinagar,80000
3,12.99948977,77.55498736,Rajajinagar,72400
3,13.00191526,77.55639419,Rajajinagar,72400
3,13.00135962,77.55777049,Rajajinagar,70000
3,13.0016388,77.55694416,Rajajinagar,55900
3,13.00246,77.55612337,Rajajinagar,50900
3,13.00245183,77.55695249,Rajajinagar,72400
3,13.00243821,77.55833435,Rajajinagar,62000
3,13.0021672,77.55833157,Rajajinagar,72010
3,13.00272012,77.55723164,Rajajinagar,50900
3,13.00299657,77.55668167,Rajajinagar,72010
3,13.00272829,77.55640252,Rajajinagar,67020
3,13.00137596,77.55611227,Rajajinagar,52000
3,13.00190436,77.55749968,Rajajinagar,72010
3,13.00162246,77.55860239,Rajajinagar,68350
3,13.00080943,77.55859405,Rajajinagar,55900
3,12.99945711,77.55830379,Rajajinagar,79300
3,12.98646558,77.61095882,MG Road,67020
3,12.98674491,77.61013262,MG Road,87300
3,12.98727025,77.61179635,MG Road,50000
3,12.98835702,77.61153133,MG Road,72010
3,12.98836535,77.6107023,MG Road,53700
3,12.9880999,77.61014678,MG Road,59000
3,12.98755513,77.61041746,MG Road,50000
3,12.98700758,77.61096448,MG Road,50000
3,12.98780946,77.61207836,MG Road,80000
3,12.98834868,77.61236037,MG Road,70000
3,12.98889346,77.61208969,MG Road,72010
3,12.98943823,77.61181901,MG Road,58500
3,12.98944657,77.61098997,MG Road,51100
3,12.98863079,77.61125782,MG Road,58500
3,12.9880888,77.61125216,MG Road,87300
3,12.98074079,77.53213249,Rajajinagar,78900
3,12.98046169,77.53295881,Rajajinagar,55900
3,12.98046708,77.5324061,Rajajinagar,78900
3,13.00055476,77.55693305,Rajajinagar,55900
3,13.00081488,77.55804131,Rajajinagar,50000
3,13.00109678,77.5569386,Rajajinagar,68350
3,13.00027831,77.55748301,Rajajinagar,68350
3,12.9997499,77.55609561,Rajajinagar,72010
3,13.00083394,77.55610671,Rajajinagar,87300
3,13.00002363,77.55582202,Rajajinagar,53700
3,12.99974173,77.55692472,Rajajinagar,52000
3,13.00026741,77.5585885,Rajajinagar,81500
3,12.99973629,77.55747746,Rajajinagar,50000
3,12.999468,77.55719831,Rajajinagar,53700
3,13.00053025,77.55942038,Rajajinagar,52000
3,13.00242459,77.55971621,Malleshwaram,72400
3,13.0027065,77.5586135,Rajajinagar,50000
3,13.00187984,77.55998702,Malleshwaram,53700
3,12.99872371,77.57764388,Malleshwaram,53700
3,12.99845545,77.57736472,Malleshwaram,50900
3,12.99791618,77.57708276,Malleshwaram,50000
3,12.99764518,77.57707996,Malleshwaram,71700
3,12.9973632,77.57818262,Malleshwaram,79300
3,12.99790521,77.57818822,Malleshwaram,70000
3,12.99871822,77.57819661,Malleshwaram,50900
3,12.99791069,77.57763549,Malleshwaram,50900
3,12.99926847,77.57737312,Malleshwaram,72400
3,12.99846094,77.57681199,Malleshwaram,55900
3,12.99791893,77.5768064,Malleshwaram,51100
3,12.99737691,77.5768008,Malleshwaram,70000
3,12.99709768,77.57762709,Malleshwaram,72010
3,12.99763969,77.57763269,Malleshwaram,71700
3,12.99844173,77.57874654,Malleshwaram,81500
3,12.99953398,77.57792865,Malleshwaram,53700
3,12.99899197,77.57792305,Malleshwaram,62000
3,12.99817072,77.57874374,Malleshwaram,80000
3,12.99844722,77.57819381,Malleshwaram,80000
3,12.99789972,77.57874094,Malleshwaram,80000
3,12.99763146,77.57846178,Malleshwaram,59000
3,12.99709493,77.57790346,Malleshwaram,50000
3,12.9987292,77.57709116,Malleshwaram,70000
3,12.99927395,77.57682039,Malleshwaram,71700
3,12.99952849,77.57848138,Malleshwaram,80000
3,12.99925474,77.57875494,Malleshwaram,55900
3,12.99898099,77.5790285,Malleshwaram,51100
3,12.96886453,77.60939326,MG Road,58500
3,12.96914108,77.60884344,MG Road,80000
3,12.96914385,77.60856711,MG Road,80000
3,12.96887562,77.60828796,MG Road,72400
3,12.96861016,77.60773249,MG Road,50900
3,12.96832253,77.60938761,MG Road,59000
3,12.96805708,77.60883214,MG Road,50000
3,12.96833639,77.60800599,MG Road,71700
3,12.96860185,77.60856146,MG Road,52000
3,12.96859353,77.60939044,MG Road,62000
3,12.96887008,77.60884061,MG Road,53700
3,12.96968584,77.60857277,MG Road,80000
3,12.9694093,77.60912259,MG Road,70000
3,12.96913276,77.60967241,MG Road,71700
3,12.96941207,77.60884626,MG Road,80000
3,12.96914939,77.60801446,MG Road,81500
3,12.96751508,77.60882649,MG Road,50900
3,12.96915493,77.60746181,MG Road,70000
3,12.9688867,77.60718267,MG Road,70000
3,12.96970247,77.60691481,MG Road,52000
3,12.92983783,77.60926323,BTM Layout,52000
3,12.92848835,77.60869659,BTM Layout,80000
3,12.92767811,77.60841186,BTM Layout,53700
3,12.92740159,77.6089616,BTM Layout,79300
3,12.92713335,77.60868251,BTM Layout,55900
3,12.92794359,77.60896723,BTM Layout,58500
3,12.92849111,77.60842031,BTM Layout,52000
3,12.92523911,77.60838652,BTM Layout,67020
3,12.92551011,77.60838933,BTM Layout,72010
3,12.92957235,77.60870785,BTM Layout,71700
3,12.92929859,77.60898132,BTM Layout,80000
3,12.92903312,77.60842594,BTM Layout,50000
3,12.92902759,77.6089785,BTM Layout,50900
3,12.91955362,77.60777487,BTM Layout,51100
3,12.91955638,77.6074986,BTM Layout,59000
3,12.91955914,77.60722233,BTM Layout,71700
3,12.91901714,77.60721671,BTM Layout,71700
3,12.91847238,77.60748735,BTM Layout,67020
3,12.91875166,77.60666135,BTM Layout,59000
3,12.91821242,77.60637946,BTM Layout,72400
3,12.91793038,77.60748172,BTM Layout,51100
3,12.92039972,77.60446805,BTM Layout,52000
3,12.91957845,77.60528844,BTM Layout,50000
3,12.92092518,77.60613131,BTM Layout,81500
3,12.92011494,77.6058466,BTM Layout,79300
3,12.91983842,77.60639633,BTM Layout,71700
3,12.91930193,77.60583817,BTM Layout,58500
3,12.99816798,77.5790201,Malleshwaram,62000
3,12.99762597,77.57901451,Malleshwaram,72010
3,12.99762322,77.57929087,Malleshwaram,78900
3,12.99762322,77.57929087,Malleshwaram,67020
3,12.99789697,77.5790173,Malleshwaram,67020
3,12.99708945,77.57845618,Malleshwaram,53700
3,12.99682667,77.5776243,Malleshwaram,70000
3,12.99683216,77.57707157,Malleshwaram,78900
3,12.97530702,77.53345934,Rajajinagar,68350
3,12.97611198,77.53429663,Rajajinagar,70000
3,12.97611737,77.53374393,Rajajinagar,72010
3,12.97584097,77.53429388,Rajajinagar,58500
3,12.97638031,77.53457572,Rajajinagar,52000
3,12.97638839,77.53374667,Rajajinagar,53700
3,12.97638569,77.53402302,Rajajinagar,71700
3,12.97341529,77.53288743,Rajajinagar,52000
3,12.97342337,77.5320584,Rajajinagar,78900
3,12.97315235,77.53205565,Rajajinagar,70000
3,12.97423103,77.53261932,Rajajinagar,50000
3,12.973689,77.53261383,Rajajinagar,51100
3,12.97152626,77.53203919,Rajajinagar,52000
3,12.97206022,77.53287371,Rajajinagar,52000
3,12.97312543,77.53481911,Rajajinagar,59000
3,12.9725834,77.53481361,Rajajinagar,71700
3,12.97176766,77.53508172,Rajajinagar,50900
3,12.91875993,77.60583254,BTM Layout,50000
3,12.9187682,77.60500373,BTM Layout,79300
3,12.92849388,77.60814403,BTM Layout,87300
3,12.92822288,77.60814121,BTM Layout,71700
3,12.92876764,77.60787056,BTM Layout,59000
3,12.92903864,77.60787338,BTM Layout,81500
3,12.92821459,77.60897005,BTM Layout,59000
3,12.92067348,77.60419459,BTM Layout,51100
3,12.92067624,77.60391832,BTM Layout,81500
3,12.92040524,77.60391551,BTM Layout,51100
3,12.92013423,77.6039127,BTM Layout,79300
3,12.92012321,77.60501779,BTM Layout,55900
3,12.98020145,77.53185065,Rajajinagar,50900
3,12.97691156,77.53568661,Rajajinagar,50000
3,12.97664054,77.53568386,Rajajinagar,72010
3,12.97636953,77.53568112,Rajajinagar,70000
3,12.97663246,77.53651291,Rajajinagar,72400
3,12.97772999,77.53514216,Rajajinagar,52000
3,12.97798483,77.53680301,Rajajinagar,70000
3,12.97773807,77.53431311,Rajajinagar,81500
3,12.97314428,77.53288469,Rajajinagar,78900
3,12.97368362,77.53316652,Rajajinagar,58500
3,12.97340991,77.53344013,Rajajinagar,71700
3,12.99763694,77.57790905,Malleshwaram,78900
3,12.99736594,77.57790626,Malleshwaram,67020
3,12.99709493,77.57790346,Malleshwaram,87300
3,12.99655567,77.5776215,Malleshwaram,79300
3,12.99655841,77.57734514,Malleshwaram,79300
3,12.99737417,77.57707717,Malleshwaram,71700
3,12.99764518,77.57707996,Malleshwaram,59000
3,12.99818719,77.57708556,Malleshwaram,71700
3,12.96914662,77.60829079,MG Road,52000
3,12.96914662,77.60829079,MG Road,62000
3,12.96860739,77.60800882,MG Road,53700
3,12.96887839,77.60801164,MG Road,79300
3,12.99736045,77.57845898,Malleshwaram,50900
3,12.99735771,77.57873534,Malleshwaram,53700
3,12.99735496,77.57901171,Malleshwaram,79300
3,12.9970867,77.57873254,Malleshwaram,71700
3,12.9976342,77.57818542,Malleshwaram,58500
3,12.99682942,77.57734793,Malleshwaram,59000
3,12.99710042,77.57735073,Malleshwaram,87300
3,12.98889623,77.61181335,MG Road,80000
3,12.98890179,77.61126065,MG Road,62000
3,12.98862801,77.61153417,MG Road,58500
3,12.98862524,77.61181051,MG Road,55900
3,12.98890457,77.61098431,MG Road,87300
3,12.98890457,77.61098431,MG Road,72400
3,12.98863357,77.61098148,MG Road,72010
3,12.98890735,77.61070796,MG Road,51100
3,12.98863635,77.61070513,MG Road,51100
3,12.98835979,77.61125499,MG Road,51100
3,12.98809435,77.61069947,MG Road,50000
3,12.98782613,77.61042029,MG Road,58500
3,12.98836813,77.61042595,MG Road,80000
3,12.98917279,77.61126349,MG Road,72400
3,12.98917279,77.61126349,MG Road,78900
3,12.98916723,77.61181618,MG Road,87300
3,12.98916723,77.61181618,MG Road,71700
3,12.98861968,77.6123632,MG Road,70000
3,12.98835146,77.61208402,MG Road,62000
3,12.98808324,77.61180485,MG Road,79300
3,12.98808602,77.6115285,MG Road,59000
3,12.94313618,77.60746728,Koramangala,50000
3,12.94259694,77.60718535,Koramangala,70000
3,12.94205218,77.60745601,Koramangala,67020
3,12.94177565,77.60800578,Koramangala,62000
3,12.94285412,77.60856965,Koramangala,68350
3,12.94257759,77.60911942,Koramangala,62000
3,12.94312512,77.60857247,Koramangala,79300
3,12.94339888,77.60829899,Koramangala,55900
3,12.94393535,77.60885722,Koramangala,50000
3,12.94339058,77.60912788,Koramangala,71700
3,12.94284859,77.60912224,Koramangala,79300
3,12.94338229,77.60995677,Koramangala,80000
3,12.94284305,77.60967483,Koramangala,70000
3,12.94231212,77.60856401,Koramangala,71700
3,12.9431417,77.60691469,Koramangala,80000
3,12.94205494,77.60717972,Koramangala,51100
3,12.95123573,77.61059122,Koramangala,62000
3,12.9504255,77.61030644,Koramangala,55900
3,12.95097304,77.60975948,Koramangala,51100
3,12.95016281,77.60947471,Koramangala,53700
3,12.95014897,77.61085623,Koramangala,62000
3,12.95067988,77.61196709,Koramangala,71700
3,12.95176388,77.61197839,Koramangala,58500
3,12.95122742,77.61142013,Koramangala,72400
3,12.95151504,77.60976513,Koramangala,51100
3,12.95068819,77.61113818,Koramangala,71700
3,12.95041165,77.61168796,Koramangala,78900
3,12.95149011,77.61225187,Koramangala,67020
3,12.98655707,77.60183946,MG Road,71700
3,12.98628053,77.60238932,MG Road,79300
3,12.9860123,77.60211016,MG Road,50000
3,12.98573576,77.60266002,MG Road,72010
3,12.98627776,77.60266567,MG Road,53700
3,12.98627223,77.60321836,MG Road,67020
3,12.986004,77.60293919,MG Road,80000
3,12.98599846,77.60349188,MG Road,70000
3,12.98572469,77.6037654,MG Road,50000
3,12.98626669,77.60377105,MG Road,51100
3,12.98626946,77.6034947,MG Road,79300
3,12.98626115,77.60432374,MG Road,79300
3,12.98599015,77.60432091,MG Road,78900
3,12.98628884,77.60156029,MG Road,62000
3,12.986817,77.60294766,MG Road,70000
3,12.99504008,77.62072178,MG Road,71700
3,12.99531108,77.62072463,MG Road,52000
3,12.9953055,77.62127733,MG Road,55900
3,12.99503451,77.62127448,MG Road,67020
3,12.99503172,77.62155083,MG Road,58500
3,12.99529992,77.62183003,MG Road,72400
3,12.99529713,77.62210638,MG Road,81500
3,12.99502613,77.62210354,MG Road,81500
3,12.99475235,77.62237704,Indiranagar,68350
3,12.99529434,77.62238273,Indiranagar,53700
3,12.99502055,77.62265624,Indiranagar,70000
3,12.99474956,77.62265339,Indiranagar,50000
3,12.96832808,77.60883496,MG Road,52000
3,12.9691383,77.60911976,MG Road,78900
1,13.01142523,77.60845591,Hebbal,38100
1,13.01142245,77.60873228,Hebbal,38100
1,13.01114867,77.60900582,Hebbal,38100
1,13.01115145,77.60872945,Hebbal,48900
1,13.01115423,77.60845308,Hebbal,49730
1,13.01143078,77.60790317,Hebbal,43400
1,13.01116256,77.60762396,Hebbal,30000
1,13.01088601,77.60817387,Hebbal,36500
1,13.01061223,77.60844741,Hebbal,44300
1,13.01060945,77.60872378,Hebbal,43400
1,13.01060667,77.60900015,Hebbal,49500
1,13.01060389,77.60927652,Hebbal,48900
1,13.01087489,77.60927936,Hebbal,36500
1,13.01087767,77.60900299,Hebbal,30000
1,13.01088045,77.60872661,Hebbal,30000
1,13.01088879,77.6078975,Hebbal,48900
1,13.01089157,77.60762113,Hebbal,35000
1,13.01089712,77.60706839,Hebbal,48900
1,13.01116534,77.60734759,Hebbal,35000
1,13.01143634,77.60735043,Hebbal,44300
1,13.01142801,77.60817954,Hebbal,49500
1,13.01196444,77.60873795,Hebbal,48820
1,13.01196722,77.60846158,Hebbal,30000
1,13.012241,77.60818805,Hebbal,46800
1,13.01224378,77.60791167,Hebbal,35000
1,13.01197278,77.60790884,Hebbal,43400
1,13.01250366,77.60902,Hebbal,46800
1,13.01223544,77.60874079,Hebbal,49500
1,13.0124981,77.60957274,Hebbal,30000
1,13.0122271,77.60956991,Hebbal,44300
1,13.01222988,77.60929353,Hebbal,46800
1,13.01222432,77.60984628,Hebbal,35000
1,13.01249532,77.60984912,Hebbal,38100
1,13.01304009,77.60957842,Hebbal,30000
1,13.01277188,77.60929921,Hebbal,36500
1,13.01304287,77.60930204,Hebbal,35000
1,13.01331109,77.60958125,Hebbal,48820
1,12.95983822,77.5905077,MG Road,49500
1,12.95984097,77.59023138,MG Road,43400
1,12.95956997,77.59022858,MG Road,30000
1,12.95956722,77.5905049,MG Road,48900
1,12.95956447,77.59078122,MG Road,30000
1,12.95955897,77.59133385,MG Road,44300
1,12.95955622,77.59161017,MG Road,15400
1,12.95983272,77.59106034,MG Road,49730
1,12.95983547,77.59078402,MG Road,43400
1,12.96010648,77.59078683,MG Road,48820
1,12.96010923,77.59051051,MG Road,49730
1,12.88380643,77.63199121,HSR Layout,35000
1,12.88353544,77.63198838,HSR Layout,36500
1,12.88379532,77.63309611,HSR Layout,44300
1,12.88379254,77.63337234,HSR Layout,15400
1,12.88352433,77.63309328,HSR Layout,48900
1,12.8835271,77.63281705,HSR Layout,49730
1,12.8837981,77.63281989,HSR Layout,44300
1,12.88380088,77.63254366,HSR Layout,44300
1,12.88380366,77.63226743,HSR Layout,49730
1,12.88378976,77.63364856,HSR Layout,43400
1,12.88406632,77.63309894,HSR Layout,49730
1,13.01954996,77.55464003,Malleshwaram,38100
1,13.01954723,77.55491642,Malleshwaram,44300
1,13.01927895,77.55463725,Malleshwaram,35000
1,13.01928167,77.55436086,Malleshwaram,48820
1,13.01901066,77.55435808,Malleshwaram,49500
1,13.01900794,77.55463447,Malleshwaram,48900
1,13.01873693,77.55463169,Malleshwaram,30000
1,13.01873965,77.5543553,Malleshwaram,48900
1,13.01846592,77.55462892,Malleshwaram,35000
1,13.01819491,77.55462614,Malleshwaram,35000
1,13.01792118,77.55489975,Malleshwaram,49500
1,12.99366224,77.56874722,Malleshwaram,35000
1,12.99365677,77.56929994,Malleshwaram,35000
1,12.9933885,77.56902079,Malleshwaram,46800
1,12.9933885,77.56902079,Malleshwaram,43400
1,13.03098684,77.54922866,Malleshwaram,36500
1,13.03098956,77.54895225,Malleshwaram,30000
1,13.03071855,77.54894948,Malleshwaram,48900
1,13.03044754,77.5489467,Malleshwaram,46800
1,13.03044482,77.54922311,Malleshwaram,49500
1,13.03071583,77.54922588,Malleshwaram,35000
1,13.03071311,77.54950229,Malleshwaram,49500
1,13.03017381,77.54922033,Malleshwaram,48820
1,13.0299028,77.54921756,Malleshwaram,44300
1,13.02962906,77.54949119,Malleshwaram,49730
1,13.02990007,77.54949396,Malleshwaram,48900
1,13.03016836,77.54977314,Malleshwaram,44300
1,13.03017109,77.54949674,Malleshwaram,48900
1,13.03043938,77.54977592,Malleshwaram,48820
1,13.0304421,77.54949951,Malleshwaram,48900
1,13.03098412,77.54950506,Malleshwaram,15400
1,13.03125513,77.54950784,Malleshwaram,49730
1,13.03125785,77.54923143,Malleshwaram,48900
1,13.03126057,77.54895502,Malleshwaram,48900
1,13.03126329,77.54867862,Malleshwaram,48820
1,13.03099228,77.54867584,Malleshwaram,38100
1,12.94075239,77.60191604,Jayanagar,36500
1,12.94048139,77.60191322,Jayanagar,49730
1,12.94021039,77.60191041,Jayanagar,48820
1,12.93994215,77.60163131,Jayanagar,48820
1,12.94047863,77.60218952,Jayanagar,49730
1,12.94074963,77.60219233,Jayanagar,36500
1,12.94102064,77.60219514,Jayanagar,43400
1,12.93993939,77.6019076,Jayanagar,48820
1,12.9394029,77.60134939,Jayanagar,36500
1,12.93940014,77.60162568,Jayanagar,35000
1,12.93912914,77.60162287,Jayanagar,44300
1,12.9391319,77.60134658,Jayanagar,46800
1,12.93912638,77.60189917,Jayanagar,48820
1,13.00228616,77.60089779,MG Road,49730
1,13.00255716,77.60090061,MG Road,48900
1,13.00228339,77.60117415,MG Road,36500
1,13.00201239,77.60117133,MG Road,48900
1,13.00201793,77.6006186,MG Road,15400
1,13.00200962,77.60144769,MG Road,15400
1,13.00228062,77.60145051,MG Road,48900
1,13.00227785,77.60172688,MG Road,36500
1,13.00255162,77.60145334,MG Road,38100
1,13.00281985,77.60173253,MG Road,46800
1,13.00282262,77.60145617,MG Road,35000
1,13.00309362,77.60145899,MG Road,15400
1,13.00336739,77.60118545,MG Road,46800
1,13.00337016,77.60090909,MG Road,48900
1,13.00309639,77.60118263,MG Road,49730
1,13.00309085,77.60173535,MG Road,35000
1,13.00281708,77.60200889,MG Road,35000
1,13.00281154,77.60256162,MG Road,49730
1,13.00281431,77.60228526,MG Road,43400
1,12.94462904,77.59366641,Jayanagar,48900
1,12.91101687,77.48252158,Banashankari,49500
1,12.91155892,77.48252694,Banashankari,48900
1,12.91128002,77.48335312,Banashankari,46800
1,12.91155105,77.4833558,Banashankari,46800
1,12.91206682,77.48612404,Banashankari,36500
1,12.91206156,77.48667662,Banashankari,38100
1,12.91127214,77.48418199,Banashankari,30000
1,12.91209835,77.48280858,Banashankari,43400
1,12.91317721,77.48337187,Banashankari,15400
1,12.91399029,77.4833799,Banashankari,38100
1,12.91344035,77.48420342,Banashankari,15400
1,12.90885128,77.48222389,Banashankari,38100
1,12.90911443,77.48305542,Banashankari,35000
1,12.90830397,77.48277111,Banashankari,38100
1,12.90830922,77.48221854,Banashankari,48900
1,12.90992751,77.48306345,Banashankari,30000
1,12.90776192,77.48276575,Banashankari,15400
1,12.9126299,77.48391909,Banashankari,49500
1,12.91263778,77.48309022,Banashankari,15400
1,13.01196166,77.60901433,Hebbal,15400
1,13.01168788,77.60928786,Hebbal,36500
1,13.0116851,77.60956423,Hebbal,38100
1,13.01168232,77.60984061,Hebbal,15400
1,13.01195332,77.60984344,Hebbal,44300
1,12.94490554,77.59311661,Jayanagar,15400
1,12.94463454,77.59311381,Jayanagar,48820
1,12.94436354,77.593111,Jayanagar,48900
1,12.94435804,77.5936636,Jayanagar,35000
1,12.94489454,77.59422181,Jayanagar,44300
1,12.9449028,77.59339291,Jayanagar,35000
1,12.94462904,77.59366641,Jayanagar,44300
1,12.94436079,77.5933873,Jayanagar,44300
1,12.94517655,77.59311941,Jayanagar,15400
1,12.94490554,77.59311661,Jayanagar,49730
1,13.01169344,77.60873512,Hebbal,38100
1,13.01033845,77.60872094,Hebbal,48900
1,13.01034679,77.60789183,Hebbal,15400
1,13.01062335,77.60734193,Hebbal,36500
1,13.01141689,77.60928503,Hebbal,48900
1,13.0119561,77.60956707,Hebbal,48900
1,13.01304844,77.6087493,Hebbal,49730
1,13.01250366,77.60902,Hebbal,36500
1,13.01305122,77.60847292,Hebbal,49730
1,13.01141689,77.60928503,Hebbal,36500
1,13.01277744,77.60874646,Hebbal,35000
1,13.01169622,77.60845875,Hebbal,48820
1,13.01061501,77.60817104,Hebbal,38100
1,13.01062057,77.6076183,Hebbal,48820
1,13.01170456,77.60762963,Hebbal,49500
1,13.0114141,77.6095614,Hebbal,44300
1,13.0116851,77.60956423,Hebbal,48900
1,13.01114589,77.60928219,Hebbal,44300
1,13.01114867,77.60900582,Hebbal,30000
1,13.01033567,77.60899731,Hebbal,15400
1,13.01034123,77.60844457,Hebbal,49730
1,13.01062057,77.6076183,Hebbal,48900
1,13.01060389,77.60927652,Hebbal,49500
1,12.94518205,77.59256681,Jayanagar,43400
1,12.94490829,77.59284031,Jayanagar,36500
1,12.94436629,77.5928347,Jayanagar,48900
1,12.94435254,77.59421621,Jayanagar,48900
1,12.9448973,77.59394551,Jayanagar,48900
1,12.94491104,77.59256401,Jayanagar,48900
1,12.94464004,77.5925612,Jayanagar,49730
1,12.94464554,77.5920086,Jayanagar,49730
1,12.9451848,77.59229051,Jayanagar,48900
1,12.94491654,77.5920114,Jayanagar,48820
1,12.9454558,77.59229331,Jayanagar,49730
1,12.94464004,77.5925612,Jayanagar,15400
1,12.94463179,77.59339011,Jayanagar,46800
1,12.94462629,77.59394271,Jayanagar,35000
1,13.00255439,77.60117698,MG Road,49730
1,12.94545855,77.59201701,Jayanagar,48900
1,12.94519029,77.5917379,Jayanagar,38100
1,12.94437728,77.5917295,Jayanagar,49500
1,12.94410903,77.5914504,Jayanagar,46800
1,12.94408704,77.5936608,Jayanagar,49500
1,12.94436629,77.5928347,Jayanagar,35000
1,13.01114033,77.60983493,Hebbal,38100
1,13.01086655,77.61010847,Hebbal,43400
1,13.01059277,77.610382,Hebbal,48820
1,13.01087211,77.60955573,Hebbal,46800
