Class,latitude,longitude,Location,Guidance Value(Rs. per square foot),Band_1,Band_2,Band_3,Band_4,Band_5,Band_6,Band_7,Band_8
0,22.54929129,88.3553068,Park Street,12960,8982,9609,10745,10797,12438,12700,11032,43812
0,22.54901051,88.35647093,Park Street,12960,9105,9853,10861,10904,12669,12761,11209,43885
0,22.54845632,88.35792409,Park Street,13311,8699,9216,10142,9979,10949,9539,8729,43505
0,22.54790705,88.35879386,Park Street,15534,8765,9394,10414,10380,11956,12098,11163,43792
0,22.54763117,88.35937459,Park Street,11205,8722,9357,10365,10297,11824,11002,10110,43824
0,22.5473479,88.36083038,Park Street,12960,8780,9524,10714,10915,12432,12221,11349,43857
0,22.54707202,88.3614111,Park Street,10620,8899,9540,10527,10741,12133,12027,11165,43888
0,22.54625672,88.36169481,Park Street,11439,8767,9355,10196,10157,11589,11073,10243,43913
0,22.5465252,88.36198916,Park Street,11205,8966,9403,10138,10092,11953,12567,11885,43903
0,22.54515318,88.36401765,Park Street,10620,9015,9330,9992,9813,12640,12344,11264,43799
0,22.54460388,88.36488738,Park Street,14130,8938,9475,10255,10282,12072,12381,11502,44083
0,22.54433789,88.36430135,Park Street,12375,9459,10013,10761,10722,12985,13583,12124,43940
0,22.54461377,88.36372064,Park Street,12960,9102,9598,10321,10282,11511,11821,10929,43804
0,22.55420753,88.35068717,Park Street,13311,9217,9873,10731,10888,12104,12802,12205,43859
0,22.55147603,88.35328608,Park Street,15534,8601,8991,9767,9522,11073,10638,9728,43652
0,22.55066075,88.35356985,Park Street,14130,8670,9140,9932,9746,11820,12391,11487,43747
0,22.55231583,88.3500853,Park Street,12375,8653,9331,10444,10524,13088,12177,11013,43499
0,22.5533996,88.35009585,Park Street,12375,8701,9278,10050,9931,11298,11337,10820,43547
0,22.55119281,88.35474193,Park Street,11205,8777,9438,10394,10387,11889,11705,10719,43826
0,22.55064846,88.35502834,Park Street,14130,8817,9458,10396,10361,12140,11755,10743,43741
0,22.55009428,88.35648152,Park Street,12960,8787,9226,10004,9846,11732,10958,10318,43645
0,22.54926915,88.35793204,Park Street,12375,8901,9495,10415,10425,11635,11701,11043,43625
0,22.54798808,88.34916805,Park Street,12960,9244,9693,10480,10499,12750,12445,11465,43565
0,22.5477049,88.35062387,Park Street,13311,8684,9338,10406,10319,12571,11323,10158,43559
0,22.54741679,88.35266307,Park Street,12960,8676,9399,10459,10494,11836,11750,10682,43656
0,22.54633548,88.35236081,Park Street,11205,8713,9391,10417,10346,11900,10913,10077,43582
0,22.54662112,88.35061332,Park Street,11205,8956,9591,10423,10396,11674,11298,10311,43419
0,22.54663092,88.34944656,Park Street,11439,8777,9454,10656,10646,12886,13490,12147,43552
0,22.54737009,88.35820517,Park Street,15534,8560,9169,10213,10022,12961,11816,10132,43654
0,22.54656219,88.35761384,Park Street,12960,8752,9384,10335,10329,11942,11376,10421,43550
0,22.54520994,88.35730891,Park Street,15534,8665,9307,10504,10461,12619,11937,10656,43449
0,22.54521732,88.35643385,Park Street,14130,8637,9375,10536,10648,12601,11890,10491,43467
0,22.54737994,88.35703842,Park Street,15534,8665,9127,10010,9931,11690,11016,10112,43589
0,22.54709422,88.3587859,Park Street,10620,8966,9732,10688,10803,12494,12141,11022,43719
0,22.5465548,88.35848891,Park Street,11205,8871,9424,10451,10411,12346,11838,10697,43682
0,22.52894845,88.35773329,Ballygunge,15534,8692,9427,10646,10684,12533,11134,10176,43395
0,22.52867259,88.35831394,Ballygunge,11439,9229,9865,10691,10857,13669,13132,11708,43438
0,22.52866766,88.35889724,Ballygunge,13311,8991,9578,10422,10391,13305,12861,11215,43512
0,22.52813562,88.35772534,Ballygunge,11439,9863,10334,11608,11723,13993,13987,12796,43516
0,22.52892875,88.3600665,Ballygunge,15534,8975,9653,10619,10731,12855,12835,11337,43544
0,22.52893614,88.35919154,Ballygunge,11205,8954,9468,10320,10234,12489,11486,10517,43494
0,22.52838194,88.36064449,Ballygunge,11205,8896,9518,10567,10622,13025,12117,10802,43566
0,22.52810606,88.36122513,Ballygunge,15534,9138,9722,10755,10701,13851,13089,11594,43617
0,22.52729817,88.36063387,Ballygunge,11205,8768,9347,10392,10430,12606,12449,11138,43633
0,22.52757897,88.35946994,Ballygunge,15534,8780,9489,10760,10733,14424,12710,10905,43433
0,22.5272883,88.36180046,Ballygunge,15534,8629,9189,10282,10153,12683,12181,10874,43634
0,22.52728336,88.36238375,Ballygunge,10620,8330,8809,9693,9520,11581,11200,10354,43666
0,22.52727595,88.36325869,Ballygunge,13311,8431,8791,9517,9298,11999,10862,9677,43665
0,22.52702969,88.36033957,Ballygunge,13311,8720,9352,10409,10442,13456,12233,10776,43613
0,22.52701982,88.36150616,Ballygunge,12960,9023,9485,10431,10362,12709,13076,11701,43700
0,22.52865041,88.36093879,Ballygunge,12960,8912,9511,10526,10553,12511,12166,11155,43532
0,22.52891642,88.36152475,Ballygunge,12960,8643,9325,10354,10316,12477,11979,10467,43505
0,22.52835725,88.36356098,Ballygunge,11790,8761,9303,10291,10336,12818,12270,11370,43646
0,22.52808631,88.36355832,Ballygunge,13311,8718,9305,10398,10454,14025,12171,10717,43687
0,22.5280789,88.36443327,Ballygunge,15534,8695,9384,10451,10398,13112,11912,10489,43604
0,22.52780301,88.3650139,Ballygunge,11790,8687,9414,10395,10302,12972,11509,9694,43669
0,22.528069,88.36559986,Ballygunge,11790,8476,9156,10165,10086,12663,11421,10022,43637
0,22.5288843,88.3653162,Ballygunge,15534,8975,9670,10719,10714,13281,12564,10993,43522
0,22.52834242,88.36531087,Ballygunge,11205,8518,9142,10215,10196,12396,11165,10020,43578
0,22.52889172,88.36444125,Ballygunge,11205,9032,9730,10930,10972,14515,14015,10893,43414
0,22.52889667,88.36385795,Ballygunge,12960,8462,9077,9992,9872,12999,11893,10061,43544
0,22.52863314,88.36298034,Ballygunge,15534,8382,8872,9880,9690,13086,11470,10041,43635
0,22.54092152,88.35172466,Park Street,12375,8509,9166,10027,9945,11208,10873,9836,43562
0,22.54091171,88.35289137,Park Street,12375,9143,9899,10754,10844,12165,12568,11505,43721
0,22.54090189,88.35405807,Park Street,11205,8380,8979,9993,9957,10963,11166,10240,43432
0,22.54063095,88.35405543,Park Street,11205,8556,9025,10040,9852,11455,12109,11183,43519
0,22.54062604,88.35463878,Park Street,12960,8817,9411,10576,10628,11984,13187,12348,43445
0,22.54062113,88.35522213,Park Street,11790,8782,9343,10362,10292,11406,12044,10901,43419
0,22.54007924,88.35521684,Park Street,12960,8698,9390,10344,10401,11986,11803,10762,43487
0,22.53953736,88.35521155,Park Street,11439,8494,9177,10249,10322,11985,11174,10243,43458
0,22.54061621,88.35580549,Park Street,13311,9318,9861,10670,10857,12198,12405,11407,43292
0,22.54008661,88.35434182,Park Street,12960,9032,9366,10076,9823,11378,12142,11191,43552
0,22.53981567,88.35433918,Park Street,12960,9252,9577,10207,10129,11893,11533,10752,43691
0,22.53982058,88.35375583,Park Street,12375,8971,9393,10116,10267,12412,13111,11862,43783
0,22.53900284,88.35433125,Park Street,11205,8832,9160,9823,9511,11522,12329,11356,43729
0,22.53926641,88.35520891,Park Street,11439,8525,9282,10378,10515,11696,11688,11088,43448
0,22.53872698,88.35491195,Park Street,12960,8886,9430,10345,10367,12401,11602,10498,43485
0,22.54061129,88.35638884,Park Street,12960,9120,9533,10792,10817,12527,12507,12006,43195
0,22.54006449,88.35696689,Park Street,15534,8861,9567,10708,11014,13003,12852,12117,43262
0,22.53952506,88.35666992,Park Street,11205,9157,9686,10652,10749,12057,11787,11073,43504
0,22.54060145,88.35755554,Park Street,15534,8392,8938,9706,9509,9912,8729,8117,42718
0,22.53953244,88.3557949,Park Street,11439,8880,9487,10451,10440,13493,12358,10731,43325
0,22.53925412,88.35666727,Park Street,11205,9493,10185,11138,11412,13004,12948,11743,43595
0,22.53899055,88.35578961,Park Street,11790,8797,9429,10352,10296,12583,11530,10219,43408
0,22.53872207,88.35549529,Park Street,12960,9373,10074,11507,11639,13153,12725,11938,43407
0,22.50101176,88.36095981,Jadavpur,12960,8637,9386,10436,10501,11599,10813,9931,43718
0,22.49992552,88.3612408,Jadavpur,15534,8951,9613,10524,10666,12047,11462,10392,43473
0,22.49938856,88.36065232,Jadavpur,11439,8622,9211,10095,10161,11985,12554,11121,43448
0,22.49939595,88.35977755,Jadavpur,12960,8356,8817,9610,9404,10315,9008,8428,42840
0,22.50102161,88.35979344,Jadavpur,11205,8783,9331,10355,10437,12147,12327,11490,43476
0,22.50073589,88.36154034,Jadavpur,11205,9619,10161,10866,10956,12268,11683,10849,44145
0,22.52186186,88.33024787,Alipore,11205,8594,9259,10253,10276,11810,11385,10427,43507
0,22.52132238,88.32995105,Alipore,11205,8478,9003,9926,9802,11965,11881,10709,43469
0,22.52050954,88.32994327,Alipore,11439,8694,9356,10458,10468,12686,11900,10825,43324
0,22.52023859,88.32994067,Alipore,15534,8439,9033,10100,9959,12239,11234,10021,43312
0,22.51942575,88.32993289,Alipore,13311,8237,8839,9917,9763,13067,11612,10198,43438
0,22.51996283,88.33052135,Alipore,13311,8594,9254,10364,10361,12617,12171,11149,43346
0,22.52077567,88.33052913,Alipore,12960,8370,9031,10371,10282,13059,12863,11857,43271
0,22.51888627,88.32963607,Alipore,12960,9012,9757,10753,10879,12741,13585,12284,43393
0,22.51834438,88.32963089,Alipore,12375,8525,9158,10183,10065,12403,12112,10487,43415
0,22.51891513,88.32613647,Alipore,11790,8527,9317,10425,10442,12870,11608,10423,43431
0,22.51837804,88.32554804,Alipore,12960,8937,9657,10871,10864,13567,14091,12607,43509
0,22.51810229,88.32612872,Alipore,12960,8756,9210,10398,10353,12955,12083,11210,43483
0,22.51782414,88.32700103,Alipore,15534,8967,9616,10588,10873,12826,12400,11200,43439
0,22.51781452,88.32816755,Alipore,12960,8717,9097,9931,9754,12969,11873,10579,43499
0,22.51755079,88.32729007,Alipore,13311,8604,9206,10207,10299,13725,12472,11012,43481
0,22.51836363,88.32729783,Alipore,14130,8673,9226,10248,10131,12587,11830,10499,43331
0,22.51835401,88.32846436,Alipore,11205,8919,9585,10581,10629,12417,12300,11170,43346
0,22.51890552,88.32730301,Alipore,12375,8636,9310,10308,10184,12972,12484,10959,43325
0,22.5188959,88.32846954,Alipore,12375,9359,10090,11149,11418,13604,12854,10940,43313
0,22.51862977,88.32788369,Alipore,13311,9152,9807,10809,10859,13102,13344,11919,43318
0,22.51834919,88.32904763,Alipore,12960,8782,9525,10754,10862,12873,12211,11023,43430
0,22.5215885,88.33053692,Alipore,12960,8544,9248,10308,10296,12310,11455,10234,43466
0,22.52077084,88.33111241,Alipore,12960,8793,9439,10844,10879,12550,12709,11376,43267
0,22.51942093,88.33051616,Alipore,11205,8582,9163,10290,10212,12949,11700,10375,43416
0,22.5186081,88.33050838,Alipore,11205,8372,8990,10039,9902,13168,11507,9980,43398
0,22.51914517,88.33109684,Alipore,12960,8288,8938,10108,9970,12287,11194,9799,43378
0,22.51941129,88.3316827,Alipore,13311,8439,9082,10549,10433,14791,12738,10942,43387
0,22.51887422,88.33109424,Alipore,10620,8354,8984,10174,10059,12234,12108,11239,43447
0,22.5188694,88.33167751,Alipore,11205,8527,9122,10096,10104,12909,12246,10877,43554
0,22.52079012,88.32877931,Alipore,10620,8608,9288,10335,10261,13035,11341,9963,43361
0,22.52079734,88.3279044,Alipore,12960,8566,9363,10546,10647,12647,12342,11193,43261
0,22.52133923,88.32790958,Alipore,11205,8439,9110,10249,10218,12105,12056,10985,43340
0,22.52622108,88.3273729,Alipore,12375,8630,9295,10238,10200,12006,11093,10049,43307
0,22.5251397,88.32707089,Alipore,12960,8783,9413,10638,10596,12880,11972,10813,43537
0,22.52595254,88.32707866,Alipore,15534,9219,9947,10954,11036,12388,13268,12017,43378
0,22.52567197,88.32824266,Alipore,11205,8496,9136,10255,10170,12713,11758,10358,43427
0,22.52512285,88.32911242,Alipore,14130,8960,9609,10655,10689,13306,12453,10970,43537
0,22.52377775,88.32793288,Alipore,15534,8398,9096,10202,10027,12569,11336,9948,43447
0,22.52405832,88.3267689,Alipore,12960,8434,9115,10284,10164,12388,11975,10933,43429
0,22.52324067,88.32734442,Alipore,12960,8586,9281,10648,10688,13530,13280,11531,43411
0,22.52269396,88.32792253,Alipore,11205,8609,9289,10430,10502,13028,11775,10688,43422
0,22.5235068,88.32793029,Alipore,12375,8285,9004,10162,9969,12695,11008,9770,43423
0,22.52322864,88.32880263,Alipore,11205,8286,9003,10202,10125,12297,11928,10113,43401
0,22.52268434,88.32908909,Alipore,12960,8581,9420,10394,10404,12072,10964,9832,43428
0,22.52267711,88.32996401,Alipore,12960,8520,9325,10506,10443,14083,13247,11177,43487
0,22.52348754,88.33026344,Alipore,12960,8600,9317,10550,10466,13051,11589,10281,43362
0,22.52457614,88.32969052,Alipore,11205,8629,9296,10381,10338,13197,12420,11073,43394
0,22.52404148,88.32881041,Alipore,15534,8672,9473,10574,10563,13905,13374,11757,43391
0,22.5237633,88.32968275,Alipore,12960,8716,9413,10549,10585,12507,11914,10885,43359
0,22.52484227,88.33027641,Alipore,11439,8488,8994,9892,9651,12350,11741,10486,43381
0,22.52483262,88.33144299,Alipore,11790,8400,8971,10072,9930,12067,10656,9594,43458
0,22.52239652,88.33112798,Alipore,12375,8537,9244,10422,10483,12568,12194,11102,43486
0,22.52321177,88.33084413,Alipore,11205,8472,9174,10419,10367,13216,12254,10825,43365
0,22.51672351,88.32903208,Alipore,11439,8839,9578,10574,10778,12755,12032,10907,43527
0,22.51672833,88.32844882,Alipore,14130,8842,9471,10547,10592,12934,12601,11610,43490
0,22.52460021,88.32677407,Alipore,11790,8586,9363,10502,10476,12466,12585,11486,43492
0,22.52351883,88.32647208,Alipore,12960,8717,9500,10671,10737,13242,12129,10711,43359
0,22.52482055,88.33290122,Alipore,14130,9146,9695,10881,10993,13436,12573,11319,43584
0,22.52130791,88.33170088,Alipore,15534,8521,9230,10261,10191,13407,12166,10403,43375
0,22.51706623,88.35295077,Ballygunge,15534,8713,9348,10275,10231,12310,12793,11767,43827
0,22.51705888,88.35382565,Ballygunge,12960,8844,9535,10852,10857,13646,12849,11525,43667
0,22.51732001,88.3549948,Ballygunge,13311,8527,9216,10405,10300,12852,12182,10930,43674
0,22.5162534,88.35294286,Ballygunge,15534,9090,9681,10682,10728,11990,11902,11046,43865
0,22.51651699,88.35382037,Ballygunge,11790,8786,9471,10413,10406,12253,12628,11457,43752
0,22.51650718,88.35498688,Ballygunge,12960,8903,9608,10604,10667,12287,12462,11370,43697
0,22.5167683,88.35615602,Ballygunge,15534,8857,9421,10368,10285,12542,12464,11356,43684
0,22.51732492,88.35441155,Ballygunge,11439,8886,9612,10786,10972,12875,13186,11850,43630
0,22.51758359,88.35587232,Ballygunge,12960,9493,10308,11334,11583,13104,12947,12182,43721
0,22.5175713,88.35733046,Ballygunge,11205,9046,9353,10211,9916,13042,11804,10723,43613
0,22.51702941,88.35732517,Ballygunge,15534,8924,9428,10369,10246,12787,12133,10771,43624
0,22.51622396,88.35644236,Ballygunge,14130,8853,9454,10388,10301,12411,11591,10432,43642
0,22.51570661,88.35352083,Ballygunge,11205,9089,9806,10774,10828,12681,13032,11793,43798
0,22.51569435,88.35497895,Ballygunge,10620,9188,9847,10892,10970,13038,13268,12128,43769
0,22.51595301,88.35643971,Ballygunge,12375,9068,9743,10768,10869,12564,12760,11587,43682
0,22.51813284,88.35500273,Ballygunge,12960,8788,9184,10018,9900,12225,12446,11321,43772
0,22.51921907,88.35472166,Ballygunge,15534,9280,9736,10449,10403,12050,12341,11319,43787
0,22.51870169,88.35180008,Ballygunge,12960,8892,9507,10376,10327,11970,12263,11328,43726
0,22.51789131,88.35150054,Ballygunge,15534,8996,9397,10195,10096,11563,12470,11459,43850
0,22.51735921,88.35032877,Ballygunge,12960,9230,9738,10702,10762,12576,13757,12628,43742
0,22.51844054,88.35063093,Ballygunge,12960,9212,9838,10840,11035,12748,12611,11684,43737
0,22.51788641,88.3520838,Ballygunge,11205,8811,9285,10172,10100,11429,11869,11015,43809
0,22.51762526,88.35091465,Ballygunge,12960,9096,9373,9957,9766,11683,12350,11423,43751
0,22.51681243,88.35090675,Ballygunge,15534,8615,9221,10249,10207,11737,11763,10823,43686
0,22.51680264,88.35207326,Ballygunge,12960,8866,9503,10507,10523,12222,12190,11417,43857
0,22.51653169,88.35207062,Ballygunge,12375,8761,9443,10395,10396,11990,11967,11117,43867
0,22.51626809,88.35119311,Ballygunge,15534,8747,9383,10358,10359,12183,12121,10815,43790
0,22.51867964,88.35442475,Ballygunge,11439,9127,9473,10174,10042,12217,12308,11133,43710
0,22.51451941,88.36575834,Ballygunge,11205,8588,9229,10360,10237,11768,11865,10773,43316
0,22.51506624,88.36518042,Ballygunge,11439,8423,9065,10088,9956,11583,10668,9659,43411
0,22.51587413,88.36577165,Ballygunge,12960,9024,9751,10917,10981,13651,13290,11895,43622
0,22.51480272,88.3643029,Ballygunge,12960,8816,9394,10477,10516,12775,13744,12287,43465
0,22.51369916,88.36662521,Ballygunge,12375,8937,9610,10550,10632,12237,12121,11061,43736
0,22.51343069,88.36633093,Ballygunge,12960,8966,9561,10548,10551,12590,12279,11102,43689
0,22.51343564,88.36574769,Ballygunge,11790,9009,9644,10609,10634,12533,12681,11685,43430
0,22.51424105,88.36663054,Ballygunge,12960,8931,9550,10467,10390,12598,12355,11176,43575
0,22.5131548,88.3669115,Ballygunge,12960,8978,9650,10552,10561,12689,12456,11332,43805
0,22.51288881,88.3663256,Ballygunge,11439,9287,9915,10729,10773,13187,12488,11245,43592
0,22.51208093,88.36573438,Jadavpur,12375,8528,9088,10091,9922,12339,12366,11141,43441
0,22.51153657,88.36602067,Jadavpur,11205,8656,9235,10296,10181,11943,11597,10627,43457
0,22.51180009,88.36689818,Jadavpur,11205,8654,9321,10380,10426,12536,12166,10957,43670
0,22.51234198,88.3669035,Jadavpur,11205,9088,9887,10871,11075,12868,13568,12428,43701
0,22.51207598,88.36631761,Jadavpur,11790,8746,9413,10326,10356,12253,11824,10661,43511
0,22.51152915,88.36689551,Jadavpur,12960,8671,9282,10221,10272,12059,12370,10871,43680
0,22.51397505,88.36604463,Ballygunge,15534,8766,9431,10496,10372,12792,12093,10591,43546
0,22.51515982,88.3540988,Ballygunge,14130,9084,9823,10826,10881,12761,13010,11781,43692
0,22.51462284,88.35351028,Ballygunge,12960,9083,9605,10566,10601,12810,12715,11590,43790
0,22.5147755,88.36751072,Ballygunge,10620,8869,9369,10159,10047,11662,11843,10898,43752
0,22.5139602,88.36779434,Ballygunge,13311,8743,9117,9988,9681,12714,11729,10431,43856
0,22.51342079,88.3674974,Ballygunge,11205,8882,9512,10515,10562,12186,11741,10683,43844
0,22.51515246,88.35497367,Ballygunge,13311,9009,9755,10868,11013,12634,12757,11475,43832
0,22.51704661,88.35528378,Ballygunge,15534,8667,9292,10347,10241,12614,12282,11008,43730
0,22.51353906,88.35349973,Ballygunge,15534,8591,9272,10224,10124,11707,11521,10331,43485
0,22.51380019,88.35466884,Ballygunge,11439,8968,9518,10352,10373,11843,10893,9978,43697
0,22.51379038,88.35583532,Ballygunge,11205,8796,9417,10405,10395,12110,11359,10355,43466
0,22.53683284,88.35460177,Ballygunge,12375,8633,9266,10387,10405,11928,11576,10936,43546
0,22.53737227,88.35489873,Ballygunge,11439,8856,9510,10367,10339,12636,12469,11160,43531
0,22.53709887,88.35518775,Ballygunge,10620,9263,9814,10563,10306,13255,13039,12211,43484
0,22.53655207,88.3557658,Ballygunge,12960,8998,9708,10863,11075,12966,12724,11659,43408
0,22.53654961,88.35605746,Ballygunge,12960,8939,9622,10723,10853,12579,12599,11165,43401
0,22.53681318,88.35693511,Ballygunge,11439,9103,9746,10787,11081,13114,12351,11210,43427
0,22.53681072,88.35722678,Ballygunge,10620,8768,9308,10388,10296,12467,12304,10866,43615
0,22.5373526,88.35723208,Ballygunge,12960,9009,9595,10689,10719,12518,12810,11763,43602
0,22.53789203,88.35752904,Ballygunge,10620,9135,9869,10768,10939,12760,12418,11433,43654
0,22.53815558,88.3584067,Ballygunge,11439,8528,9128,10150,10048,11960,11009,10107,43891
0,22.53761616,88.35810973,Ballygunge,15534,9051,9702,10599,10567,12677,12457,11363,43710
0,22.53734768,88.35781541,Ballygunge,11205,8967,9563,10492,10461,12349,12190,10972,43654
0,22.53627129,88.35692982,Ballygunge,15534,8694,9271,10343,10279,12668,11812,10447,43476
0,22.53708904,88.35635442,Ballygunge,12375,9078,9714,10670,10678,13498,12561,10996,43344
0,22.53600527,88.35634384,Ballygunge,11790,8517,9087,10185,10131,12683,11998,10633,43441
0,22.53573924,88.35575786,Ballygunge,15534,8628,9106,10030,9916,12599,11852,10412,43513
0,22.53628604,88.35517982,Ballygunge,12960,8682,9364,10377,10348,12036,11588,10458,43450
0,22.5365619,88.35459913,Ballygunge,12375,9002,9637,10806,10924,12514,12763,11801,43545
0,22.5379117,88.35519569,Ballygunge,12375,8576,9314,10261,10381,11790,11583,10332,43447
0,22.53817773,88.35578167,Ballygunge,12375,8785,9382,10474,10421,12924,11406,10313,43439
2,22.49450665,88.36118777,Jadavpur,6264,8800,9442,10422,10366,13519,12728,11325,43763
2,22.4939623,88.36147405,Jadavpur,6525,9214,9982,11017,11121,13902,12828,11291,43492
2,22.4939623,88.36147405,Jadavpur,6030,9214,9982,11017,11121,13902,12828,11291,43492
2,22.49369135,88.3614714,Jadavpur,7227,8875,9464,10535,10464,13118,12545,11089,43474
2,22.49287852,88.36146344,Jadavpur,6525,8888,9454,10441,10432,13689,12961,11246,43465
2,22.49260019,88.36233552,Jadavpur,7110,8866,9474,10374,10324,13427,12128,10544,43502
2,22.49259772,88.36262709,Jadavpur,6525,8778,9357,10412,10350,12423,12358,11086,43489
2,22.4928662,88.36292132,Jadavpur,6174,8514,9049,10097,9937,13623,12590,10870,43465
2,22.49286373,88.36321289,Jadavpur,9801,8845,9389,10370,10360,12915,12686,11424,43476
2,22.49259279,88.36321024,Jadavpur,9099,8852,9332,10218,10220,12598,12487,11337,43495
2,22.49232678,88.36262444,Jadavpur,6525,8754,9346,10339,10215,12933,12131,10898,43521
2,22.49232185,88.36320758,Jadavpur,6264,8947,9352,10175,10104,12724,12920,11576,43518
2,22.49205583,88.36262178,Jadavpur,6264,8929,9375,10223,10089,12987,12154,10839,43554
2,22.49178489,88.36261913,Jadavpur,7344,9172,9537,10296,10195,12658,12357,11163,43586
2,22.49286127,88.36350447,Jadavpur,6030,8962,9506,10521,10485,12738,12320,11218,43506
2,22.49340315,88.36350978,Jadavpur,6525,8614,9254,10349,10265,13170,12021,10608,43544
2,22.49367163,88.36380401,Jadavpur,6525,8739,9241,10223,10096,12954,12050,10736,43595
2,22.49394257,88.36380666,Jadavpur,6174,8756,9257,10248,10075,13207,12525,11103,43608
2,22.49394504,88.36351509,Jadavpur,8514,9275,9968,11055,11244,13749,13205,11709,43566
2,22.49421351,88.36380932,Jadavpur,6264,8720,9158,10140,9908,13516,12562,10977,43651
2,22.49448693,88.3635204,Jadavpur,8280,9158,9650,10447,10511,13095,12248,10874,43620
2,22.49421598,88.36351774,Jadavpur,6030,9381,9885,10878,11044,13456,13186,11914,43621
2,22.49476527,88.36264832,Jadavpur,6525,9111,9707,10778,10833,13308,12884,11494,43652
2,22.49503868,88.36235939,Jadavpur,9801,9003,9576,10572,10592,12889,12657,11292,43573
2,22.49503128,88.36323413,Jadavpur,7227,9114,9604,10452,10399,12499,12640,11605,43456
2,22.4947554,88.36381463,Jadavpur,6525,8983,9282,9922,9662,12073,12197,11183,43604
2,22.49475787,88.36352305,Jadavpur,6525,9091,9357,10075,9794,12319,12473,11459,43579
2,22.49475293,88.36410621,Jadavpur,8514,9015,9331,10067,9845,12095,12358,11295,43500
2,22.49448199,88.36410355,Jadavpur,6264,8932,9247,10041,9838,12418,12386,11157,43526
2,22.49421105,88.3641009,Jadavpur,7110,8823,9206,9996,9806,12266,12124,10849,43539
2,22.49530962,88.36236204,Jadavpur,6264,9023,9646,10782,10862,13358,12892,11259,43557
2,22.49530222,88.36323678,Jadavpur,7110,9298,9690,10736,10744,12859,12731,11646,43456
2,22.49558303,88.36207312,Jadavpur,6264,8823,9509,10373,10327,13342,12038,10518,43589
2,22.49369628,88.36088824,Jadavpur,6525,8822,9410,10427,10379,13187,12353,10958,43647
2,22.49342534,88.36088559,Jadavpur,6174,8883,9483,10578,10596,13346,12791,11398,43617
2,22.49315685,88.36059137,Jadavpur,8514,8788,9324,10202,10034,13249,12611,11038,43592
2,22.49288345,88.36088029,Jadavpur,7227,9060,9515,10543,10404,13830,13082,11575,43615
2,22.49261004,88.36116922,Jadavpur,6174,8990,9441,10232,10160,13391,13056,11536,43516
2,22.49206323,88.36174706,Jadavpur,6264,8752,9198,10106,9970,13396,12655,11005,43516
2,22.49178982,88.36203598,Jadavpur,7110,8914,9318,10322,10247,13013,12681,11306,43602
2,22.49206569,88.36145549,Jadavpur,7110,8821,9230,10134,9985,13082,13068,11409,43531
2,22.49179721,88.36116127,Jadavpur,6525,9038,9373,10178,10087,13216,13070,11749,43523
2,22.49233664,88.36145814,Jadavpur,7110,8849,9241,10005,9789,13588,12445,10785,43515
2,22.49287852,88.36146344,Jadavpur,6174,8888,9454,10441,10432,13689,12961,11246,43465
2,22.5349999,88.34699999,Alipore,6525,9064,9644,10416,10423,12124,13140,12257,44063
2,22.53499746,88.34729166,Alipore,9801,9008,9657,10631,10630,12074,12265,11312,44033
2,22.53499501,88.34758332,Alipore,6264,8842,9501,10351,10350,11584,11647,10721,44037
2,22.53498768,88.34845832,Alipore,9801,8840,9354,10224,10159,12146,12007,11037,44048
2,22.53471185,88.34903901,Alipore,6264,8949,9401,10056,9886,11376,12070,11330,43938
2,22.53471185,88.34903901,Alipore,6030,8949,9401,10056,9886,11376,12070,11330,43938
2,22.53443602,88.34961971,Alipore,8280,9120,9709,10505,10675,12232,11992,11089,43793
2,22.53443357,88.34991137,Ballygunge,6525,8930,9532,10343,10383,12240,11433,10275,43746
2,22.53442867,88.3504947,Ballygunge,9099,8866,9408,10503,10425,13334,12507,10978,43614
2,22.53470207,88.35020567,Ballygunge,6264,8592,9195,10065,9939,11998,11891,10644,43598
2,22.53470696,88.34962234,Alipore,9099,9084,9670,10646,10789,12475,12259,11174,43778
2,22.53498035,88.34933331,Alipore,6174,9189,9698,10294,10234,12308,11603,10506,43872
2,22.53498279,88.34904165,Alipore,6525,9085,9440,10109,9940,11458,12304,11450,43953
2,22.53498768,88.34845832,Alipore,6030,8840,9354,10224,10159,12146,12007,11037,44048
2,22.53526352,88.34787762,Alipore,6264,8857,9523,10433,10415,12089,12131,11194,44104
2,22.53525618,88.34875261,Alipore,8280,9002,9470,10204,10115,12428,13549,12436,44094
2,22.53526107,88.34816928,Alipore,6525,8812,9487,10440,10444,12115,12041,11116,44112
2,22.53472163,88.34787236,Alipore,6264,8855,9422,10319,10242,12717,11936,10761,44037
2,22.5344458,88.34845305,Alipore,6264,9111,9614,10389,10352,11643,12009,11122,44007
2,22.53443846,88.34932805,Alipore,6264,9189,9612,10421,10464,12521,12989,12083,43856
2,22.53390635,88.34815613,Alipore,7110,8978,9430,10213,10151,11502,11912,11011,43868
2,22.53362563,88.34932015,Alipore,7344,9027,9458,10110,10027,11542,12354,11400,43866
2,22.53334979,88.34990084,Ballygunge,8514,8613,9282,10219,10124,12217,11668,10540,43778
2,22.53389168,88.3499061,Ballygunge,6264,9122,9532,10163,10114,11904,12577,11715,43856
2,22.53417485,88.34845042,Alipore,8514,9069,9562,10311,10254,11837,12147,11196,43960
2,22.5341773,88.34815876,Alipore,6264,8963,9469,10310,10263,11531,11375,10629,43980
2,22.53445557,88.3472864,Alipore,8514,8953,9578,10415,10471,12007,12236,11372,44076
2,22.53446045,88.34670307,Alipore,9099,9096,9601,10305,10309,12291,12801,12183,44187
2,22.53419195,88.34640878,Alipore,7227,9116,9552,10222,10165,12506,12260,11176,44250
2,22.53391368,88.34728114,Alipore,6525,9067,9685,10600,10656,12214,12538,11511,44051
2,22.53364274,88.34727851,Alipore,6264,9246,9728,10552,10555,11910,12548,11648,44033
2,22.53336691,88.34785921,Alipore,6264,9074,9458,10164,10088,11432,12363,11697,43884
2,22.53336202,88.34844253,Alipore,7110,8898,9271,9925,9735,11077,11304,10602,43759
2,22.53363052,88.34873682,Alipore,6264,9250,9591,10235,10160,12002,12482,11743,43747
2,22.53308374,88.34931488,Alipore,6264,8925,9340,10146,10054,11869,12198,11110,43859
2,22.5330813,88.34960654,Ballygunge,6174,8827,9410,10225,10224,12096,12134,10978,43828
2,22.53362318,88.34961181,Ballygunge,7227,8952,9308,10017,9890,11904,12281,11263,43853
2,22.53308863,88.34873156,Alipore,8280,9246,9618,10204,10155,11517,12202,11377,43744
2,22.53309108,88.3484399,Alipore,9099,8954,9326,9858,9717,10954,11948,11135,43781
2,22.53336691,88.34785921,Alipore,6264,9074,9458,10164,10088,11432,12363,11697,43884
2,22.53310085,88.34727326,Alipore,6264,9187,9535,10119,10144,11387,12457,11786,43983
2,22.57813452,88.46500396,New Town,7344,8923,9628,10866,10954,13405,12743,11554,43322
2,22.57783163,88.46850197,New Town,6264,9037,9680,10791,10893,12824,12511,11550,43337
2,22.57812121,88.46646266,New Town,7110,9340,10049,11376,11563,14763,13535,11802,43548
2,22.57704548,88.46557598,New Town,7227,9630,10445,11696,12180,14221,14013,13053,43392
2,22.57623802,88.46498391,New Town,6174,9307,10030,11054,11279,13139,13285,12016,43286
2,22.57541991,88.46555878,New Town,6264,9588,10199,11537,11672,13383,13830,12915,43435
2,22.57513034,88.46759806,New Town,6525,9412,10125,11173,11493,12923,13662,12653,43281
2,22.57647698,88.46848762,New Town,6174,9516,10344,11591,11844,13791,14441,12709,43235
2,22.57781562,88.47025241,New Town,7110,9681,10384,11449,11832,13498,13805,12605,43392
2,22.57592446,88.46964882,New Town,7110,9221,9856,11285,11649,13820,13058,11647,43247
2,22.58109343,88.46736945,New Town,8280,9266,9849,10923,11137,14842,12978,11125,43374
2,22.5805249,88.47028116,New Town,6264,9191,9691,10834,11040,14436,13471,11663,43501
2,22.58298193,88.46826479,New Town,6525,8733,9369,10664,10727,15335,14970,12205,43286
2,22.58054091,88.46853069,New Town,6264,9364,9926,10824,10943,13067,12877,11788,43495
2,22.58294989,88.47176579,New Town,8280,9090,9788,10715,10696,12916,12601,11167,43254
2,22.58351311,88.46943754,New Town,6264,8780,9359,10404,10356,14768,13501,11329,43162
2,22.58110675,88.46591071,New Town,6174,8964,9545,10712,10833,11803,11561,10896,43261
2,22.57757402,88.4670404,New Town,6174,9084,9815,10990,11427,13680,14244,12786,43401
2,22.58213443,88.4720489,New Town,9801,8507,9127,10362,10229,14590,13276,11302,43295
2,22.58243474,88.46884254,New Town,6525,9303,9886,11022,11215,13133,12469,11517,43287
2,22.58333452,88.42916982,Salt Lake,8514,9359,9792,10617,10745,13574,13286,11925,43643
2,22.58198764,88.42828058,Salt Lake,6525,9456,9818,10494,10420,13475,13212,11966,43635
2,22.58251394,88.4300367,Salt Lake,6525,9127,9601,10366,10345,13096,12859,11446,43518
2,22.58171152,88.4288613,Salt Lake,6525,8939,9422,10207,10059,12768,12202,11070,43659
2,22.583061,88.42945878,Salt Lake,6264,9546,10013,10904,10991,13218,13896,12658,43632
2,22.58252432,88.42886968,Salt Lake,6030,9608,10043,10812,10956,13544,13922,12344,43662
2,22.58358987,88.43092316,Salt Lake,8280,9492,10000,10932,11041,13671,13307,11763,43764
2,22.58359767,88.43004789,Salt Lake,8514,9539,10079,10892,11025,13696,13619,12007,43775
2,22.58305061,88.4306258,Salt Lake,7344,9646,10212,11016,11259,13741,13587,12223,43668
2,22.58387379,88.42946717,Salt Lake,6030,9430,9927,10657,10756,13179,13089,11797,43694
2,22.58361324,88.42829734,Salt Lake,7227,9140,9709,10617,10592,13637,12770,11022,43529
2,22.58441566,88.42947276,Salt Lake,6525,9660,10151,10799,10860,13501,14263,12886,43674
2,22.58440527,88.43063979,Salt Lake,6264,8998,9357,10126,9968,12863,12285,11070,43680
2,22.58412914,88.43122051,Salt Lake,7110,9290,9705,10486,10489,13597,13466,12033,43737
2,22.58385301,88.43180123,Salt Lake,6264,9395,9776,10330,10141,13255,13349,11711,43691
2,22.58415251,88.42859469,Salt Lake,6525,9234,9652,10532,10528,13182,13098,11760,43549
2,22.58358207,88.43179843,Salt Lake,6264,9481,9844,10593,10398,13595,13593,12039,43642
2,22.58521547,88.43093995,Salt Lake,6264,9364,9756,10485,10406,12786,13254,11887,43596
2,22.58550458,88.42890042,Salt Lake,6264,9168,9649,10403,10275,13549,12522,11055,43468
2,22.58495752,88.42947835,Salt Lake,7110,9421,9899,10659,10713,12995,13385,11957,43603
2,22.58551496,88.42773338,Salt Lake,9099,9483,9998,10778,10963,13621,13251,11680,43565
2,22.58525181,88.4268553,Salt Lake,7110,9953,10454,11307,11671,14154,14378,12917,43589
2,22.58552792,88.42627457,Salt Lake,6264,9407,9767,10555,10682,13040,12810,11437,43600
2,22.58604904,88.42861425,Salt Lake,8280,9518,9858,10666,10506,14088,12914,11353,43495
2,22.58606201,88.42715544,Salt Lake,7227,9660,10215,10866,10900,13696,13298,12121,43604
2,22.58606979,88.42628015,Salt Lake,6525,9368,9738,10434,10289,12910,12714,11547,43728
2,22.58715093,88.42658308,Salt Lake,6525,9842,10301,11119,11244,13398,13716,12902,43741
2,22.58794038,88.42921735,Salt Lake,6525,9369,9781,10517,10506,13052,13038,11850,43531
2,22.5874089,88.42804469,Salt Lake,9099,9377,9899,10693,10765,13465,13176,11768,43611
2,22.58739072,88.43008705,Salt Lake,6264,9312,9638,10269,10335,12993,13748,12450,43741
2,22.57145257,88.39374434,Salt Lake,8514,9016,9370,9929,9802,11650,11588,10673,44119
2,22.57145004,88.39403608,Salt Lake,6174,9214,9623,10193,10192,11951,11749,10830,44179
2,22.57118416,88.39344988,Salt Lake,6525,9063,9335,9896,9769,11826,12635,11704,44090
2,22.5711791,88.39403336,Salt Lake,6264,8970,9304,9909,9757,12116,12242,11227,44127
2,22.57091322,88.39344716,Salt Lake,6174,8889,9142,9834,9538,12625,12353,11351,43967
2,22.57063723,88.39402791,Salt Lake,6030,8941,9279,9881,9851,11781,12431,11360,43904
2,22.57091322,88.39344716,Salt Lake,9099,8889,9142,9834,9538,12625,12353,11351,43967
2,22.57063723,88.39402791,Salt Lake,6525,8941,9279,9881,9851,11781,12431,11360,43904
2,22.57063976,88.39373617,Salt Lake,6264,8983,9336,9975,9889,11822,12104,11217,43921
2,22.57064229,88.39344444,Salt Lake,6525,9065,9390,10052,9970,11821,12374,11609,43954
2,22.57037135,88.39344171,Salt Lake,6264,9401,9774,10590,10654,12382,12981,11982,43970
2,22.57036882,88.39373345,Salt Lake,6525,9064,9427,10050,9930,12063,12308,11258,43925
2,22.57037388,88.39314998,Salt Lake,7227,9101,9430,9903,9725,11243,12244,11654,44006
2,22.57009788,88.39373072,Salt Lake,8280,9122,9571,10229,10197,12205,12353,11425,43989
2,22.569832,88.39314453,Salt Lake,6174,9026,9254,9787,9608,12134,12088,11216,44376
2,22.56982947,88.39343627,Salt Lake,6525,9068,9412,9905,9837,11899,12125,11257,44314
2,22.57036629,88.39402518,Salt Lake,7227,9187,9619,10305,10323,12141,13248,12286,43903
2,22.57009535,88.39402246,Salt Lake,8514,9144,9592,10242,10169,12013,12627,11751,43950
2,22.57036376,88.39431691,Salt Lake,7110,9219,9592,10305,10293,12187,12549,11587,43922
2,22.57010547,88.39285552,Salt Lake,6264,8974,9242,9793,9574,11478,12770,11904,44135
2,22.52001461,88.3885614,Kasba,7110,9311,9675,10474,10507,12943,12823,11521,43649
2,22.51947776,88.38797273,Kasba,6525,8916,9267,10016,9835,13219,12985,11769,43530
2,22.51920179,88.38855328,Kasba,6264,9109,9514,10445,10455,12605,12740,11601,43554
2,22.51974115,88.38885032,Kasba,6264,9343,9862,10684,10963,12970,12216,11009,43549
2,22.51973612,88.38943357,Kasba,8280,9343,9904,10648,10666,14158,12787,10983,43580
2,22.51838645,88.38883678,Kasba,6525,9134,9557,10262,10222,12190,12706,11503,43639
2,22.51919424,88.38942816,Kasba,6264,9353,9743,10519,10546,12697,12912,11755,43581
2,22.51837639,88.39000328,Kasba,6264,9218,9696,10453,10432,12385,12352,11186,43533
2,22.51946015,88.39001412,Kasba,7110,9437,9940,10843,10949,13331,13438,12150,43569
2,22.51946266,88.38972249,Kasba,6525,9161,9679,10405,10408,12384,12086,11114,43594
2,22.51973109,88.39001683,Kasba,7110,9462,9988,10875,10932,13559,12798,11492,43576
2,22.52055146,88.38915007,Kasba,6264,9535,10094,10936,11091,12962,12717,11610,43697
2,22.51972605,88.39060008,Kasba,6525,9262,9811,10583,10594,12853,12315,11124,43614
2,22.51945259,88.390889,Kasba,6525,9579,10074,10886,11012,12944,12907,11951,43654
2,22.51918417,88.39059466,Kasba,8514,9515,9987,10815,11037,13623,13517,12323,43612
2,22.51945007,88.39118063,Kasba,9801,9502,9937,10852,10987,13559,13066,11644,43785
2,22.51999195,88.39118605,Kasba,6264,9438,9970,10777,10824,13836,13265,11580,43693
2,22.51997934,88.39264419,Kasba,9801,9126,9558,10407,10188,14417,12220,10305,43508
2,22.52052122,88.39264962,Kasba,6525,9271,9615,10269,10044,12867,12377,11212,43553
2,22.52106814,88.39207179,Kasba,7227,9371,9831,10537,10494,12350,12500,11480,43456
2,22.52024523,88.39323016,Kasba,6525,9362,9778,10480,10540,12509,12512,11573,43596
2,22.51942989,88.39351364,Kasba,6525,9396,9866,10605,10600,12864,12971,11744,43526
2,22.51915643,88.39380255,Kasba,7110,9425,9879,10620,10614,12704,12866,11748,43542
2,22.51915138,88.3943858,Kasba,6174,9267,9648,10449,10428,12459,12161,11107,43704
2,22.51914885,88.39467743,Kasba,7344,9614,10067,10825,10866,12736,12935,11851,43729
2,22.52051617,88.39323288,Kasba,6525,9519,9807,10425,10369,12290,12664,11857,43633
2,22.59255522,88.39745834,Lake Town,7110,9372,10061,10915,10944,13171,13660,12505,43710
2,22.59388957,88.39980627,Lake Town,6030,9226,9673,10473,10492,13345,13000,11853,43685
2,22.59415033,88.40097614,Lake Town,6264,9586,10021,10564,10576,12933,12910,11922,43913
2,22.5930615,88.40154874,Lake Town,7344,9642,10034,10713,10802,13265,13457,12154,43819
2,22.59173988,88.39774192,Lake Town,6264,9180,9764,10625,10705,12612,13099,11869,43883
2,22.59037757,88.39860357,Lake Town,6525,9106,9483,10050,9906,12444,12518,11306,43819
2,22.59280837,88.39950354,Lake Town,7110,9354,9913,10787,10879,12856,12774,11708,43862
2,22.59010156,88.39918438,Lake Town,7110,9195,9645,10380,10357,12986,12925,11643,43824
2,22.5908991,88.40094325,Lake Town,7110,9242,9699,10403,10345,13212,12534,11180,43785
2,22.5911573,88.40240487,Lake Town,6030,9531,10049,10739,10862,13417,13531,12153,43664
2,22.59226396,88.39978984,Lake Town,6525,9270,9808,10537,10621,13491,12990,11623,43797
2,22.59576321,88.40245153,Lake Town,8280,9070,9639,10588,10537,13446,13556,12265,43709
2,22.59547952,88.40390771,Lake Town,6525,9564,10104,10933,11140,13179,13117,11915,43855
2,22.5949504,88.40244329,Lake Town,9801,9532,10091,11048,11149,13560,13603,12033,43714
2,22.5941325,88.40301862,Lake Town,6264,9306,9798,10581,10657,13548,12941,11474,43702
2,22.59466417,88.40419125,Lake Town,8280,9384,10008,10866,10973,13484,13832,12395,43756
2,22.5938437,88.40505835,Lake Town,6525,9616,10122,10929,11287,13450,13337,11968,43664
2,22.5930411,88.40388298,Lake Town,9801,9538,9979,10764,10801,13844,13388,11846,43681
2,22.59275485,88.40563091,Lake Town,6525,9430,9777,10408,10357,12455,12988,12067,43808
2,22.59113945,88.4044473,Lake Town,6264,9080,9738,10777,10824,13344,13115,11537,43574
2,22.59088382,88.4026939,Lake Town,8514,9466,9981,10799,10932,13202,13308,12090,43604
2,22.59007865,88.40181035,Lake Town,6525,9192,9635,10402,10350,13297,13302,12005,43573
2,22.58954951,88.400346,Lake Town,6264,9330,9720,10442,10344,13114,12700,11927,43627
2,22.58929383,88.39859262,Lake Town,9099,9185,9574,10166,10150,12777,13612,12372,43792
2,22.59173226,88.39861725,Lake Town,6525,9461,9888,10638,10686,12598,13081,11838,43873
2,22.59093215,88.39715016,Lake Town,6264,9585,9996,10266,10189,13237,14254,13570,44034
2,22.59251962,88.40154325,Lake Town,8280,9461,9721,10195,10090,12236,12303,11715,43720
2,22.58845813,88.40121035,Lake Town,9099,9062,9610,10481,10483,13452,13444,11933,43744
2,22.58711363,88.40002957,Lake Town,9801,9797,10330,11034,11189,14100,14098,12468,43805
2,22.58575895,88.40001588,Salt Lake,7110,9537,9985,10568,10592,13303,13001,11646,43843
2,22.58655649,88.40177469,Salt Lake,6030,9028,9543,10258,10221,13027,12000,10759,43774
2,22.58737439,88.40119938,Lake Town,6525,9002,9357,10136,10059,12806,12539,11421,43861
2,22.58817191,88.40295823,Salt Lake,7344,9673,10107,10772,10964,13473,13337,11950,43769
2,22.58761984,88.40411981,Salt Lake,7344,9138,9711,10622,10689,13163,12609,11209,43587
2,22.58842499,88.40500337,Salt Lake,6264,9091,9441,10205,10117,13032,12717,11420,43676
2,22.59033175,88.40385551,Lake Town,9099,9581,10013,10718,10773,13478,13782,12568,43599
2,22.59682654,88.40479681,Lake Town,9801,9270,9772,10583,10666,12741,12793,11646,43623
2,22.59763169,88.40568043,Lake Town,6264,9512,9922,10587,10629,13234,13538,12411,43601
2,22.59601119,88.40508035,Lake Town,6174,8900,9303,10088,9999,12854,12573,11200,43781
2,22.59519327,88.40565567,Lake Town,8514,9363,9706,10329,10298,12669,13041,11933,43835
2,22.59626679,88.40683382,Lake Town,6030,9020,9529,10347,10355,12923,12261,10833,43791
2,22.59843171,88.40714764,Lake Town,6174,9436,9924,10652,10761,12857,12961,11744,43662
2,22.59869497,88.40802577,Lake Town,6264,9114,9627,10356,10412,12907,12647,11193,43685
2,22.59733262,88.40888735,Lake Town,6525,9194,9587,10290,10153,13170,13093,11721,43754
2,22.59734286,88.4077202,Lake Town,7344,9247,9682,10390,10345,13100,12771,11380,43768
2,22.59464374,88.40652551,Lake Town,9099,9397,9886,10490,10925,12923,13672,12706,43890
2,22.59355488,88.40709807,Lake Town,9099,9487,9999,10777,10885,13097,13524,12402,43911
2,22.5943549,88.40856524,Lake Town,7227,9084,9415,10000,9861,12150,12701,11750,43974
2,22.5951549,88.41003243,Salt Lake,6264,9494,10071,10903,10998,13216,13275,12061,43831
2,22.59625144,88.40858453,Lake Town,6030,9146,9679,10552,10572,12774,12869,11665,43764
2,22.59543352,88.40915983,Lake Town,6525,9614,10069,10683,10780,13557,14420,13115,43991
2,22.5930079,88.40767612,Salt Lake,7227,9519,10011,10756,10852,12944,13628,12435,43830
2,22.59433697,88.41060771,Salt Lake,9099,9724,10150,11058,11202,14147,14046,12658,43721
2,22.58980008,88.40268292,Lake Town,7110,9070,9619,10417,10383,13236,12675,11109,43595
2,22.58573859,88.40235,Salt Lake,6264,9579,10108,11061,11261,13139,13687,12584,43823
2,22.58520944,88.40088569,Salt Lake,9801,9134,9453,10199,10191,12523,12779,11529,43799
2,22.59191648,88.40854043,Salt Lake,7344,9234,9572,10254,10137,12907,12777,11583,43806
2,22.59082762,88.40911296,Salt Lake,9801,9200,9495,10104,10371,12686,13753,12396,43812
2,22.59243017,88.4117555,Salt Lake,6174,9057,9426,10037,9926,12391,12559,11519,43709
2,22.5935216,88.41089121,Salt Lake,6264,9344,9844,10500,10492,13365,13729,12128,43671
2,22.56291104,88.40999606,Salt Lake,6264,9109,9627,10633,11070,13168,13426,12089,43754
2,22.56317942,88.41029053,Salt Lake,6264,9114,9533,10210,10253,12030,12231,11422,43730
2,22.5642606,88.41059327,Salt Lake,6525,9057,9325,9884,9691,12092,11684,10791,43820
2,22.56371361,88.41117119,Salt Lake,8514,9453,9892,10614,10593,13531,13151,11353,43803
2,22.5631743,88.41087396,Salt Lake,6174,9460,9929,10498,10466,13235,12988,11757,43796
2,22.56316918,88.41145739,Salt Lake,7110,9146,9601,10284,10106,13352,12696,11029,43853
2,22.56398198,88.41146567,Salt Lake,6264,9214,9628,10466,10299,13673,12857,11148,43769
2,22.56424267,88.4126353,Salt Lake,6174,8738,9055,9819,9511,13105,12550,11062,43670
2,22.56343242,88.4123353,Salt Lake,7110,8962,9360,10029,9788,12697,12322,10829,43667
2,22.56315123,88.41349941,Salt Lake,7227,9070,9413,9975,9789,12636,12525,10943,43807
2,22.56396404,88.41350769,Salt Lake,7110,8949,9229,9950,9737,12543,12446,11308,43668
2,22.56534178,88.41089602,Salt Lake,6264,8624,9041,9749,9493,13356,11562,10007,43732
2,22.5666939,88.41120153,Salt Lake,6264,9509,10058,10737,10782,12345,11992,10944,43468
2,22.56831439,88.41180153,Salt Lake,6264,9083,9594,10339,10273,12095,12111,11174,43654
2,22.5696665,88.41210706,Salt Lake,6174,9227,9709,10384,10531,12215,11688,10366,43901
2,22.57347497,88.41039528,Salt Lake,6030,9106,9642,10476,10467,12741,12155,11153,43735
2,22.57320915,88.40980904,Salt Lake,7110,9321,9931,10753,10803,13274,12998,11469,43663
2,22.57239891,88.40950904,Salt Lake,6030,9273,9738,10608,10540,12899,12811,11455,43576
2,22.57157074,88.41125118,Salt Lake,6264,9417,9900,10720,10738,12684,12611,11406,43739
2,22.57265448,88.41126221,Salt Lake,7344,9515,10089,10960,11142,13331,12917,11742,43643
2,22.57158354,88.40979251,Salt Lake,7344,9649,10066,10835,11068,13094,12928,12025,43721
2,22.57211773,88.41067323,Salt Lake,6174,9512,9986,10908,11081,13407,13120,11721,43684
2,22.57346729,88.41127049,Salt Lake,8280,9119,9659,10443,10429,12770,12531,11390,43684
2,22.57402196,88.40981731,Salt Lake,9099,9149,9469,10034,9865,12845,12477,11215,43747
2,22.57267496,88.40892832,Salt Lake,8514,9148,9652,10495,10440,12954,12515,11129,43678
2,22.57211005,88.41154843,Salt Lake,8514,9183,9720,10612,10615,12859,12690,11460,43660
2,22.57293054,88.4106815,Salt Lake,7227,9294,9788,10781,10827,12960,12827,11507,43673
2,22.57319635,88.41126773,Salt Lake,8514,9191,9664,10453,10444,13028,12672,11309,43661
2,22.5718468,88.41067047,Salt Lake,6030,9410,9941,10812,11008,13315,12974,11583,43741
2,22.57261856,88.41534652,Salt Lake,6525,9338,9853,10721,10775,12840,12830,11389,43626
2,22.57207669,88.41534098,Salt Lake,8514,9342,9753,10517,10561,12932,12857,11443,43605
2,22.57072715,88.41474369,Salt Lake,6264,9354,9798,10483,10479,12823,12479,11412,43676
2,22.57044851,88.41561611,Salt Lake,7227,9286,9815,10647,10636,13614,13255,11663,43641
2,22.57287921,88.41651623,Salt Lake,8280,9054,9553,10466,10406,12490,12186,11049,43494
2,22.57288949,88.41534928,Salt Lake,6264,9317,9754,10668,10713,13326,12593,11268,43624
2,22.53386719,88.35282272,Ballygunge,6525,8691,9129,9954,9808,11570,12078,11126,43832
2,22.53360115,88.35223676,Ballygunge,7227,8762,9046,9816,9525,12364,11790,10585,43830
2,22.5333302,88.35223412,Ballygunge,6264,8876,9302,9952,9743,11689,11873,10787,43814
2,22.53279077,88.35193719,Ballygunge,6030,8922,9498,10356,10555,11904,12616,11476,43693
2,22.53251982,88.35193455,Ballygunge,7227,8850,9433,10237,10262,11697,11999,11089,43685
2,22.53251492,88.35251787,Ballygunge,8280,8948,9531,10339,10369,12037,12374,11238,43724
2,22.53305681,88.35252315,Ballygunge,6174,8898,9221,9915,9671,11011,11852,11171,43813
2,22.53332285,88.35310911,Ballygunge,6264,8764,9112,9788,9586,11596,11632,10402,43876
2,22.52189104,88.39091341,Kasba,7344,9405,9835,10519,10482,12348,12079,10970,43471
2,22.52188096,88.39207994,Kasba,6264,9274,9545,10167,10109,11854,11642,10729,43485
2,22.52134665,88.39119961,Kasba,6525,9532,10041,10761,10777,12882,12839,11665,43459
2,22.5210631,88.39265505,Kasba,6525,9329,9748,10383,10304,12625,12454,11332,43471
2,22.52050607,88.39439939,Kasba,6174,9275,9666,10332,10252,12530,12503,11413,43625
2,22.51995661,88.39526884,Kasba,7344,9046,9498,10334,10228,12972,12348,11082,43684
2,22.51940968,88.39584665,Kasba,6264,9519,9936,10579,10466,13363,13334,11985,43688
2,22.52132394,88.39382429,Kasba,6030,9411,9764,10518,10469,13235,13391,12024,43522
2,22.52105048,88.3941132,Kasba,6030,9184,9439,10122,9902,12942,12236,11040,43523
2,22.52241779,88.39266863,Kasba,6525,9376,9700,10355,10212,12050,12307,11360,43502
2,22.52242536,88.39179373,Kasba,6264,9005,9446,10137,9956,12726,12249,11081,43450
2,22.52243292,88.39091883,Kasba,9099,9151,9532,10228,10051,12993,11826,10488,43421
2,22.57423903,88.4159466,Salt Lake,6264,9428,9966,10878,10952,13080,12951,11678,43503
2,22.57452281,88.41449067,Salt Lake,6030,9864,10407,11413,11542,13649,13839,12374,43631
2,22.57398094,88.41448513,Salt Lake,9801,9303,9764,10632,10640,13068,13042,11610,43658
2,22.57478089,88.41595213,Salt Lake,6030,9267,9863,10755,10794,13360,12540,11138,43533
3,22.49120349,88.36727896,Jadavpur,3105,9232,9705,10375,10317,12499,12722,11684,43742
3,22.49147196,88.36757319,Jadavpur,3573,9475,9939,10599,10674,12715,13663,12659,43734
3,22.49147443,88.36728162,Jadavpur,3573,9461,9822,10347,10199,12706,13733,12545,43724
3,22.49120596,88.36698739,Jadavpur,3456,9136,9539,10218,10052,12309,12773,11643,43778
3,22.49066408,88.36698206,Jadavpur,3456,9398,10020,10949,11071,12836,13487,12302,43775
3,22.49093255,88.3672763,Jadavpur,3222,9178,9661,10489,10424,12862,13180,12037,43793
3,22.49093007,88.36756787,Jadavpur,3690,9395,9892,10646,10689,12709,13596,12487,43776
3,22.49120101,88.36757053,Jadavpur,3690,9383,9881,10675,10695,12478,13080,12167,43740
3,22.4917429,88.36757585,Jadavpur,3222,9091,9485,10207,10043,12524,13369,12017,43722
3,22.49201137,88.36787009,Jadavpur,3600,9046,9482,10246,10128,13419,12600,11172,43688
3,22.49174043,88.36786743,Jadavpur,5094,9191,9670,10478,10449,12758,12804,11502,43706
3,22.49202374,88.36641223,Jadavpur,4419,9128,9483,10155,10011,12733,12564,11117,43673
3,22.49310256,88.36700602,Jadavpur,5004,9322,9663,10367,10212,12657,13316,12024,43790
3,22.49256315,88.36670912,Jadavpur,3456,9250,9625,10372,10301,12778,13209,12066,43668
3,22.49282915,88.36729493,Jadavpur,3573,9281,9645,10414,10296,12509,12873,11464,43657
3,22.4925582,88.36729227,Jadavpur,4419,9384,9770,10514,10485,12812,13241,12021,43643
3,22.49202126,88.3667038,Jadavpur,5940,9121,9466,10194,10039,12385,12402,11218,43651
3,22.49337103,88.36730026,Jadavpur,3573,9153,9520,10152,10020,11993,11973,11128,43819
3,22.4936395,88.3675945,Jadavpur,3456,9212,9567,10187,10037,12143,13047,11962,43807
3,22.49391044,88.36759716,Jadavpur,3690,9147,9576,10284,10183,12625,12635,11436,43817
3,22.49363703,88.36788607,Jadavpur,5004,9253,9574,10129,9920,12614,13763,12584,43771
3,22.49336856,88.36759183,Jadavpur,3690,9232,9606,10207,10063,12537,13190,12067,43797
3,22.49363455,88.36817765,Jadavpur,3690,9093,9536,10209,10134,12743,12638,11483,43765
3,22.49390549,88.36818031,Jadavpur,5355,9248,9688,10477,10461,12781,12972,12034,43751
3,22.49417891,88.3678914,Jadavpur,5940,8924,9404,10206,10164,13039,12624,11254,43756
3,22.49257551,88.36525125,Jadavpur,5940,8962,9537,10308,10318,12148,12032,10934,43755
3,22.49284892,88.36496234,Jadavpur,5094,9071,9608,10479,10573,12388,13089,12243,43745
3,22.49257798,88.36495968,Jadavpur,3690,9214,9714,10416,10387,12356,12904,11982,43757
3,22.49311493,88.36554815,Jadavpur,3573,8828,9292,10061,9875,13039,12795,11230,43734
3,22.49230457,88.3652486,Jadavpur,3573,9143,9640,10307,10256,12499,13178,12075,43768
3,22.4931174,88.36525657,Jadavpur,5940,8868,9466,10401,10433,12472,12361,11065,43730
3,22.49365681,88.36555346,Jadavpur,5940,8796,9183,9946,9798,12463,12853,11679,43779
3,22.49392775,88.36555612,Jadavpur,3690,8924,9301,10057,9940,11924,12710,11697,43772
3,22.4941987,88.36555878,Jadavpur,3105,9047,9577,10436,10512,12221,12279,11451,43882
3,22.49365928,88.36526189,Jadavpur,5094,8974,9417,10159,10134,12460,12961,11819,43712
3,22.49446964,88.36556144,Jadavpur,3690,8917,9444,10447,10462,12420,12847,11604,43834
3,22.4944647,88.3661446,Jadavpur,5940,9197,9693,10662,10750,13621,13699,12421,44016
3,22.49392528,88.3658477,Jadavpur,3105,8913,9360,10084,10019,12286,12485,11384,43861
3,22.49393023,88.36526455,Jadavpur,3573,9341,9764,10380,10435,12741,13374,12285,43687
3,22.49257304,88.36554283,Jadavpur,5940,8931,9391,10185,10041,12861,12405,11209,43741
3,22.49203362,88.36524594,Jadavpur,3456,9204,9702,10442,10397,12733,13399,12307,43770
3,22.49203609,88.36495437,Jadavpur,5004,9435,9841,10445,10447,12899,13888,12772,43770
3,22.49203115,88.36553751,Jadavpur,5940,9392,9842,10757,10725,12994,13420,12359,43762
3,22.49230704,88.36495702,Jadavpur,3690,9264,9688,10171,10055,12528,13569,12501,43768
3,22.49203362,88.36524594,Jadavpur,3573,9204,9702,10442,10397,12733,13399,12307,43770
3,22.62065091,88.40708179,Dum Dum,3600,8956,9546,10392,10397,12358,12490,11402,43556
3,22.62010904,88.40707628,Dum Dum,3690,9258,9725,10553,10669,12038,12371,11450,43506
3,22.61956973,88.40677893,Lake Town,5940,9221,9582,10319,10224,12559,13099,11820,43528
3,22.61902786,88.40677342,Lake Town,5940,9560,9919,10525,10511,12114,13003,12026,43618
3,22.61848599,88.4067679,Lake Town,5940,9275,9564,10112,9975,13040,12632,11264,43795
3,22.61875437,88.40706249,Lake Town,3573,9413,9779,10249,10188,12014,12462,11481,43792
3,22.61929367,88.40735984,Lake Town,3222,9570,9982,10641,10744,12428,13311,12420,43463
3,22.61983554,88.40736536,Dum Dum,5940,9588,10175,10883,10988,12754,13820,12873,43465
3,22.62037741,88.40737087,Dum Dum,3690,9131,9719,10531,10562,11996,12377,11426,43528
3,22.62038253,88.4067872,Dum Dum,3456,9123,9675,10592,10633,12452,12447,11312,43608
3,22.62064835,88.40737363,Dum Dum,5940,9135,9542,10432,10428,12107,12412,11484,43550
3,22.62145859,88.40767374,Dum Dum,3222,9240,9694,10506,10551,12399,13121,12284,43718
3,22.62172952,88.4076765,Dum Dum,3690,9244,9868,10775,10912,12854,13824,12457,43735
3,22.62173208,88.40738466,Dum Dum,3222,9094,9665,10634,10718,12221,12856,11805,43740
3,22.62227651,88.40709834,Dum Dum,3690,9132,9699,10495,10531,12211,12658,11693,43660
3,22.62227139,88.40768202,Dum Dum,3690,9038,9504,10315,10310,12434,12586,11626,43644
3,22.62281582,88.4073957,Dum Dum,5940,9268,9689,10517,10552,13048,13914,12547,43586
3,22.62281838,88.40710385,Dum Dum,5940,9254,9731,10525,10622,12350,12779,11747,43576
3,22.62227907,88.4068065,Dum Dum,5355,9185,9758,10574,10633,12115,12584,11548,43768
3,22.62200814,88.40680374,Dum Dum,5940,9337,9916,10753,10905,12820,12830,11817,43821
3,22.62226883,88.40797386,Dum Dum,5940,9151,9652,10446,10490,12532,12349,11073,43623
3,22.6228107,88.40797938,Dum Dum,5094,9137,9475,10131,10099,11962,12706,11519,43553
3,22.62281326,88.40768754,Dum Dum,3105,9232,9570,10149,10099,12172,12537,11614,43574
3,22.62308931,88.40710661,Dum Dum,5004,9311,9804,10598,10691,12397,12719,11676,43673
3,22.62362862,88.40740397,Dum Dum,3690,9032,9477,10096,10010,12253,12642,11608,43665
3,22.62389955,88.40740673,Dum Dum,3573,9000,9421,10159,10122,11915,12448,11420,43651
3,22.62416537,88.40799318,Dum Dum,3600,9151,9563,10402,10455,12840,13050,11897,43575
3,22.62416793,88.40770133,Dum Dum,3456,9198,9617,10298,10277,12744,13503,12381,43596
3,22.62335769,88.40740121,Dum Dum,3573,9155,9567,10219,10148,12347,13402,12393,43675
3,22.62281838,88.40710385,Dum Dum,5940,9254,9731,10525,10622,12350,12779,11747,43576
3,22.64694927,88.37407064,Lake Town,4419,9274,9773,10491,10444,12506,12644,11438,43674
3,22.64694677,88.37436253,Lake Town,3222,9275,9704,10346,10377,12131,12612,11705,43698
3,22.64667082,88.37494363,Lake Town,3222,9398,9802,10380,10466,11507,11880,11181,43787
3,22.64639989,88.37494093,Lake Town,5940,9448,9872,10528,10603,11597,11486,10856,43741
3,22.64640239,88.37464904,Lake Town,3690,9303,9739,10433,10453,11817,12059,11196,43728
3,22.6464074,88.37406524,Lake Town,5094,9453,9935,10931,11102,12955,12697,11651,43684
3,22.64668083,88.37377604,Lake Town,3690,9446,9914,10644,10681,12100,12809,11943,43677
3,22.64695427,88.37348684,Lake Town,4419,9345,9856,10562,10557,12793,12324,11272,43665
3,22.64722771,88.37319764,Lake Town,3690,9391,9886,10586,10594,12404,12449,11430,43653
3,22.64749865,88.37320033,Lake Town,3690,9512,9947,10663,10732,12363,12871,11905,43652
3,22.64722271,88.37378143,Lake Town,5004,9279,9737,10400,10484,12753,12185,11077,43676
3,22.64531864,88.37463825,Lake Town,3573,9512,9836,10514,10573,11871,12107,11372,43579
3,22.64559458,88.37405716,Lake Town,3690,9308,9733,10415,10392,12341,12059,10974,43543
3,22.64559959,88.37347337,Lake Town,5940,9442,9964,10646,10807,12617,13063,12195,43684
3,22.64560209,88.37318147,Lake Town,3222,9290,9757,10432,10430,12773,13902,12544,43644
3,22.64587553,88.37289227,Lake Town,5940,9287,9924,10684,10875,12489,12154,11105,43615
3,22.64587803,88.37260037,Lake Town,5004,9389,9899,10879,11066,12499,12634,11620,43651
3,22.64588302,88.37201658,Lake Town,5940,9384,9674,10448,10508,12726,12931,11688,43795
3,22.64671082,88.37027328,Lake Town,5940,9062,9460,10153,10165,11827,12104,11170,43723
3,22.64670583,88.37085707,Lake Town,3222,9271,9658,10322,10274,12659,12082,10946,43722
3,22.6464274,88.37173007,Lake Town,3222,9352,9716,10446,10471,12071,12737,11910,43712
3,22.64614396,88.37318686,Lake Town,3222,9417,9911,10766,10882,12508,12940,11841,43581
3,22.64613646,88.37406255,Lake Town,5940,9280,9726,10495,10478,12646,12149,10878,43679
3,22.64586052,88.37464364,Lake Town,3105,9490,9902,10654,10693,12374,12839,11859,43590
3,22.64616645,88.3705598,Lake Town,3456,9344,9711,10431,10441,12213,12785,11831,43787
3,22.64617393,88.36968411,Lake Town,3600,9384,9761,10488,10487,12282,13319,12599,43571
3,22.64617892,88.36910031,Lake Town,5940,9248,9705,10425,10539,12376,13026,11949,43522
3,22.64673575,88.3673543,Lake Town,5355,9421,9862,10536,10603,12154,11978,11254,43580
3,22.64674073,88.3667705,Lake Town,5940,9033,9474,10221,10143,12018,12162,11192,43586
3,22.64700917,88.36706508,Lake Town,3105,9141,9564,10320,10284,11701,12402,11638,43573
3,22.6470017,88.36794078,Lake Town,3690,9389,9800,10443,10381,12313,12403,11624,43567
3,22.64699672,88.36852458,Lake Town,3222,9372,9794,10482,10575,12344,12837,11786,43526
3,22.64672329,88.36881379,Lake Town,5940,9079,9483,10266,10224,12168,12974,11823,43488
3,22.6467208,88.36910569,Lake Town,5940,9031,9448,10271,10260,12067,12611,11579,43489
3,22.64671331,88.36998138,Lake Town,3222,9099,9483,10204,10294,12044,12201,11301,43581
3,22.64618141,88.36880842,Lake Town,3573,9086,9554,10213,10228,12516,12502,11382,43513
3,22.64700668,88.36735698,Lake Town,5004,9331,9796,10416,10460,11973,12065,11239,43577
3,22.64729255,88.36560827,Lake Town,3105,9304,9778,10472,10475,12226,12097,10975,43828
3,22.64702162,88.36560559,Lake Town,5094,9380,9896,10705,10801,12098,12590,11811,43863
3,22.64701913,88.36589749,Lake Town,3690,9382,9864,10693,10843,11998,12627,11896,43756
3,22.45024892,88.37183267,Garia,3573,9165,9744,10857,10841,13344,12851,11457,43293
3,22.44997798,88.37183,Garia,5940,9235,9865,10947,10979,13685,12848,11561,43323
3,22.44970703,88.37182734,Garia,3222,9144,9681,10622,10587,13443,13072,11787,43364
3,22.4488942,88.37181934,Garia,5940,9438,9781,10501,10525,13091,13639,12386,43611
3,22.44889172,88.37211082,Garia,3690,9263,9619,10433,10420,13583,13220,11843,43454
3,22.44943113,88.37240764,Garia,3600,9043,9424,10307,9984,15236,12418,10635,43507
3,22.44970456,88.37211882,Garia,3105,9230,9775,10744,10742,13701,13646,12079,43466
3,22.44862574,88.3715252,Garia,3456,9283,9660,10498,10528,13309,13168,11829,43657
3,22.44862078,88.37210816,Garia,5004,9346,9829,10687,10801,13298,13042,11686,43481
3,22.44835231,88.37181401,Garia,3573,9386,9824,10547,10477,13683,13597,12204,43671
3,22.44889916,88.37123638,Garia,5094,9353,9819,10618,10736,13747,13610,12027,43624
3,22.44944105,88.37124171,Garia,3456,9063,9433,10243,10087,12505,12316,11088,43405
3,22.44970951,88.37153586,Garia,3690,8964,9408,10275,10167,13058,12910,11709,43368
3,22.44996806,88.37299594,Garia,3690,8811,9367,10394,10242,13781,12557,10849,43485
3,22.4499631,88.37357891,Garia,5094,8671,9284,10248,10139,13257,11799,10453,43498
3,22.44942618,88.3729906,Garia,4419,9350,9838,10924,10974,13494,14318,13211,43510
3,22.44915027,88.3735709,Garia,5355,8828,9444,10411,10328,13669,12386,10845,43521
3,22.44915523,88.37298794,Garia,3456,9225,9654,10558,10650,13432,13820,12570,43526
3,22.44861334,88.3729826,Garia,3600,9256,9830,10809,10851,13314,12535,11092,43482
3,22.44861086,88.37327408,Garia,3690,9237,9798,10775,10806,13193,12227,10986,43481
3,22.44914531,88.37415386,Garia,3456,9250,9652,10560,10564,13496,13102,11948,43622
3,22.44995814,88.37416187,Garia,5940,8845,9235,10048,9844,13575,12489,10909,43600
3,22.4451369,88.43008148,Garia,5094,9073,9556,10139,10078,13951,14188,12702,43545
3,22.4448608,88.43066163,Garia,3690,8722,9129,9823,9642,13586,11961,10403,43622
3,22.44486855,88.42978723,Garia,3222,9365,9809,10499,10692,13243,14301,13357,43705
3,22.44432151,88.43036461,Garia,5940,8584,8921,9633,9328,13273,12392,10614,43671
3,22.44403506,88.43211061,Garia,3573,9066,9420,10190,10143,13150,13595,12405,43438
3,22.44348802,88.43268797,Garia,3690,9085,9488,10157,10163,12491,12563,11549,43430
3,22.44431117,88.43153046,Garia,5940,8707,9078,9795,9607,13309,13194,11544,43413
3,22.44322484,88.4318108,Garia,4419,9222,9671,10349,10272,14169,13740,12482,43633
3,22.44321967,88.43239373,Garia,5940,8706,9104,9841,9461,14632,12625,10669,43440
3,22.44430341,88.43240486,Garia,3573,8740,9158,9975,9722,14829,13069,11132,43461
3,22.44594971,88.43008981,Garia,3222,8938,9525,10484,10533,14485,13582,12029,43396
3,22.445413,88.42950132,Garia,3690,8806,9237,10002,9876,13838,13158,11453,43585
3,22.44648384,88.43096977,Garia,3222,8560,8959,9717,9391,13939,11680,9936,43324
3,22.44675736,88.43068109,Garia,5004,9006,9519,10144,10084,12923,13245,11983,43314
3,22.44810946,88.43098646,Garia,3690,9169,9571,10317,10257,13448,13223,11879,43360
3,22.44757017,88.43068942,Garia,5940,9044,9561,10211,10165,13232,13502,12153,43350
3,22.44757275,88.43039795,Garia,3573,9368,9760,10378,10284,13767,14748,13824,43349
3,22.44730698,88.42981223,Garia,3690,8819,9359,10196,10127,13289,12828,11268,43371
3,22.44702571,88.43097533,Garia,3573,8915,9406,10157,9996,13200,12367,10919,43328
3,22.44783077,88.43185809,Garia,5940,9114,9430,10341,10256,14256,14796,13312,43349
3,22.44783594,88.43127515,Garia,5094,9328,9704,10458,10406,13352,13902,12659,43412
3,22.44676253,88.43009815,Garia,3600,8862,9290,10169,10072,13231,12946,11576,43290
3,22.44838557,88.43040629,Garia,5094,9156,9605,10203,10161,13630,13641,12259,43341
3,22.44864875,88.43128349,Garia,5940,8883,9204,9959,9859,12973,12385,11310,43295
3,22.44893002,88.43012037,Garia,3690,9209,9642,10380,10231,14004,13711,12267,43305
3,22.44646574,88.43301006,Garia,3456,8897,9351,10182,10228,13052,13591,12158,43439
3,22.44619739,88.43271581,Garia,3690,8746,9218,10063,9994,13784,13425,11829,43454
3,22.4456581,88.43241877,Garia,3573,8872,9374,10030,9973,13485,12832,11366,43625
3,22.47065372,88.36212077,Garia,3600,8929,9465,10264,10214,12282,12062,10973,43676
3,22.47065372,88.36212077,Garia,5940,8929,9465,10264,10214,12282,12062,10973,43676
3,22.47065618,88.36182925,Garia,5940,9048,9505,10244,10165,12433,12664,11452,43736
3,22.47038278,88.36211813,Garia,3573,9147,9650,10485,10542,12490,12588,11585,43690
3,22.47065864,88.36153772,Garia,3222,9183,9701,10424,10410,12596,12792,11660,43753
3,22.47093205,88.36124884,Garia,3456,9258,9745,10704,10759,12596,13100,12176,43739
3,22.47120546,88.36095996,Garia,3222,9066,9590,10319,10254,12666,12045,11027,43856
3,22.47147394,88.36125413,Garia,5094,8998,9478,10315,10313,12583,12161,11136,43705
3,22.47120053,88.36154302,Garia,3573,9057,9646,10566,10701,12585,12679,11491,43700
3,22.47092713,88.3618319,Garia,3456,8979,9547,10440,10372,13321,12564,11315,43705
3,22.47147886,88.36067107,Garia,3573,8962,9525,10336,10406,12517,12755,11704,43859
3,22.47010937,88.362407,Garia,3573,9259,9886,10866,11059,13089,12701,11372,43668
3,22.46983842,88.36240435,Garia,5094,9196,9671,10599,10607,12749,12831,11579,43705
3,22.46983596,88.36269588,Garia,3690,9145,9631,10429,10385,12639,12841,11658,43697
3,22.46983103,88.36327893,Garia,3573,9117,9546,10397,10456,12563,13022,11852,43664
3,22.47010444,88.36299006,Garia,3573,9251,9858,10869,10881,12891,12713,11673,43630
3,22.47010691,88.36269853,Garia,3222,9074,9612,10444,10510,12900,12105,11074,43652
3,22.47038031,88.36240965,Garia,3573,9054,9619,10613,10665,12821,12707,11480,43671
3,22.47065126,88.3624123,Garia,4419,8988,9538,10424,10464,12504,12570,11485,43656
3,22.46956502,88.36269323,Garia,3690,9168,9591,10311,10217,12311,13146,12175,43690
3,22.46929161,88.3629821,Garia,3690,9358,9861,10576,10570,12510,13012,12198,43688
3,22.46902067,88.36297945,Garia,5940,9466,9958,10855,10940,13056,14055,12965,43683
3,22.46874972,88.3629768,Garia,5940,9286,9757,10550,10555,12561,12494,11561,43753
3,22.46848124,88.36268263,Garia,3222,9067,9569,10350,10281,12766,12595,11354,43716
3,22.46821522,88.36209693,Garia,3222,9056,9446,10248,10225,12303,12260,11318,43691
3,22.46821276,88.36238845,Garia,3222,9019,9370,10243,10183,11938,11966,11105,43703
3,22.46793935,88.36267733,Garia,5940,9112,9504,10200,10106,11845,11906,11059,43648
3,22.46766841,88.36267468,Garia,3222,9144,9535,10310,10236,12117,13236,12607,43668
3,22.46766841,88.36267468,Garia,4419,9144,9535,10310,10236,12117,13236,12607,43668
3,22.46712652,88.36266938,Garia,3573,9291,9620,10319,10167,12524,12771,11664,43634
3,22.46684818,88.36354129,Garia,3456,8960,9282,9988,9774,12725,12187,11055,43617
3,22.46712159,88.36325242,Garia,3456,8874,9201,9887,9618,12675,12262,11135,43613
3,22.46685557,88.36266673,Garia,5355,9136,9542,10385,10358,13437,13477,11984,43601
3,22.4665797,88.36324712,Garia,5940,9039,9388,10039,9923,11778,12954,12171,43633
3,22.46630876,88.36324446,Garia,3222,9014,9304,9968,9801,11922,12234,11392,43645
3,22.46603781,88.36324181,Garia,3573,9023,9374,10098,10025,12586,12407,11343,43640
3,22.46576687,88.36323916,Garia,4419,9206,9696,10597,10724,12789,13196,12169,43695
3,22.46549592,88.36323651,Garia,3456,9391,9948,10891,11004,13131,13058,12154,43672
3,22.465491,88.36381955,Garia,3222,9099,9589,10338,10319,12551,12508,11485,43640
3,22.465491,88.36381955,Garia,4419,9099,9589,10338,10319,12551,12508,11485,43640
3,22.46575947,88.36411372,Garia,4419,9136,9548,10396,10366,12383,12454,11412,43566
3,22.46575947,88.36411372,Garia,5940,9136,9548,10396,10366,12383,12454,11412,43566
3,22.46603042,88.36411637,Garia,3573,9084,9486,10225,10177,12089,12518,11600,43574
3,22.46657724,88.36353864,Garia,5940,8927,9276,9923,9789,11918,12667,11774,43655
3,22.46630383,88.3638275,Garia,5940,8907,9222,9910,9722,11878,11947,10906,43649
3,22.46494664,88.36410576,Garia,5940,9149,9482,10245,10157,12436,12670,11663,43561
3,22.46440229,88.36439197,Garia,3105,9284,9729,10449,10426,12543,12920,11926,43582
3,22.46440722,88.36380894,Garia,3573,9053,9576,10454,10456,13061,12505,11483,43578
3,22.46413627,88.36380629,Garia,3456,9106,9674,10590,10675,12483,13085,12217,43634
3,22.46386533,88.36380363,Garia,5094,9233,9884,10765,10947,12996,13852,12909,43640
3,22.46413134,88.36438931,Garia,5940,9257,9734,10520,10469,13057,13435,12272,43641
3,22.4638604,88.36438666,Garia,3222,9297,9872,10692,10640,12909,13482,12330,43652
3,22.46331851,88.36438136,Garia,3456,9380,9758,10545,10542,12592,12950,12041,43719
3,22.46359438,88.36380098,Garia,3690,9286,9789,10733,10829,13152,13942,12773,43693
3,22.4630525,88.36379568,Garia,5094,9199,9520,10271,10166,12594,13335,12314,43706
3,22.46304757,88.3643787,Garia,3573,9142,9429,10130,9881,12477,12306,11254,43701
3,22.46332098,88.36408984,Garia,3600,9225,9621,10425,10397,12340,12627,11748,43748
3,22.46277662,88.36437605,Garia,5940,9082,9515,10285,10158,12858,12873,11560,43754
3,22.46223473,88.36437074,Garia,3600,9022,9635,10533,10642,12802,12089,10763,43797
3,22.46251061,88.36379038,Garia,3600,9176,9654,10592,10512,13471,12908,11590,43874
3,22.46196625,88.36407658,Garia,3222,9174,9677,10648,10707,12982,13080,12066,43876
3,22.46169777,88.36378242,Garia,5940,9164,9638,10402,10375,12938,13177,11973,43972
3,22.46169038,88.36465695,Garia,3690,9011,9560,10500,10319,14112,13539,11831,43860
3,22.46196132,88.3646596,Garia,3690,9168,9827,10773,10703,13260,14142,12946,43814
3,22.4614219,88.36436279,Garia,5004,9309,9838,10688,10712,12958,13228,12018,43918
3,22.46114602,88.36494315,Garia,3600,8652,9242,10279,10131,13564,12146,10613,43836
3,22.46088247,88.36406597,Garia,5004,10306,10528,10857,10717,12862,12519,11306,43918
3,22.46142683,88.36377977,Garia,5940,9344,9791,10527,10486,12927,12991,11988,43959
3,22.46087754,88.36464899,Garia,3456,9579,10004,10782,10738,13034,12972,11862,43894
3,22.46061153,88.36406332,Garia,3690,10923,11002,11081,10946,13625,15753,14630,43939
3,22.46006964,88.36405802,Garia,3690,10033,10281,10760,10645,12901,13238,12127,43969
3,22.46006224,88.36493254,Garia,5940,9024,9632,10633,10694,12764,12268,11077,43734
3,22.4597913,88.36492988,Garia,3690,9271,9933,10899,11046,13090,12911,11765,43820
3,22.4597987,88.36405537,Garia,3222,9603,10079,10748,10791,12894,14004,12967,44039
3,22.45952529,88.36434422,Garia,3573,9252,9779,10567,10627,12163,12640,11791,43932
3,22.45924941,88.36492458,Garia,3600,9411,9736,10488,10418,13174,12790,11423,43824
3,22.45951789,88.36521873,Garia,3222,9425,9867,10778,10817,12892,14171,13243,43656
3,22.4597839,88.3658044,Garia,5355,9475,9773,10504,10310,13226,13332,12111,43589
3,22.46005978,88.36522404,Garia,3573,9263,9807,10815,10905,12977,13578,12433,43722
3,22.45870752,88.36491927,Garia,3690,9400,9650,10246,10043,12554,12705,11620,43807
3,22.45871245,88.36433626,Garia,3690,8873,9324,10264,10213,12619,12887,11771,43836
3,22.46007211,88.36376651,Garia,3690,9740,10068,10634,10577,12438,12327,11440,43967
3,22.45980363,88.36347236,Garia,3222,9331,9923,10731,10730,12696,12506,11496,43636
3,22.45953514,88.3631782,Garia,3600,9231,9751,10663,10648,12667,13058,12028,43536
3,22.47146902,88.36183719,Garia,3222,9290,9775,10527,10546,12856,13504,12636,43664
3,22.61621833,88.41812714,Dum Dum,3456,8787,9489,10406,10476,12541,11884,10728,43790
3,22.61567646,88.41812159,Dum Dum,5004,8899,9441,10181,10257,12447,12975,11895,43563
3,22.61594481,88.41841619,Dum Dum,3573,9080,9676,10590,10721,13212,13141,12098,43553
3,22.61594223,88.41870802,Dum Dum,5355,9182,9780,10681,10713,13163,12701,11422,43541
3,22.61567388,88.41841341,Dum Dum,3456,9170,9698,10567,10556,13711,14957,13637,43545
3,22.61540037,88.41870246,Dum Dum,3222,9001,9560,10425,10447,12227,12398,11381,43531
3,22.61540037,88.41870246,Dum Dum,5940,9001,9560,10425,10447,12227,12398,11381,43531
3,22.61539779,88.41899429,Dum Dum,3222,9394,9945,10869,10956,12686,13167,12061,43541
3,22.61512943,88.41869968,Dum Dum,5940,9274,9841,10794,10894,12776,13090,11982,43524
3,22.61512169,88.41957516,Dum Dum,5355,9142,9707,10568,10610,13160,12375,11152,43635
3,22.61485334,88.41928055,Dum Dum,5940,9207,9627,10680,10684,13486,13232,12072,43569
3,22.61511911,88.41986698,Dum Dum,4419,8919,9414,10391,10370,12874,13069,11802,43678
3,22.61538746,88.42016159,Dum Dum,3690,8952,9446,10186,10172,12040,12389,11406,43609
3,22.61539262,88.41957794,Dum Dum,5940,9196,9713,10677,10712,13185,12727,11373,43620
3,22.61566614,88.41928889,Dum Dum,5094,9405,9954,10968,11135,13064,13080,11871,43595
3,22.61593707,88.41929167,Dum Dum,3690,9155,9780,10565,10650,12418,12610,11469,43588
3,22.61593707,88.41929167,Dum Dum,3573,9155,9780,10565,10650,12418,12610,11469,43588
3,22.61566872,88.41899707,Dum Dum,3573,9556,10277,11021,11330,13091,13027,11861,43541
3,22.61594223,88.41870802,Dum Dum,5940,9182,9780,10681,10713,13163,12701,11422,43541
3,22.61621059,88.41900263,Dum Dum,3690,9232,9778,10638,10791,12785,12826,11666,43619
3,22.61621575,88.41841897,Dum Dum,5940,8871,9480,10464,10487,13146,12604,11152,43766
3,22.61593449,88.4195835,Dum Dum,3690,9196,9747,10696,10730,13021,13049,11821,43598
3,22.61593191,88.41987532,Dum Dum,5940,9158,9786,10711,10810,12631,12971,11869,43611
3,22.61566356,88.41958072,Dum Dum,3600,9222,9884,10773,10961,12827,13360,12158,43609
3,22.61565839,88.42016437,Dum Dum,5940,9136,9574,10390,10444,12244,13117,12071,43575
3,22.62631611,88.44041313,Rajarhat,3690,8953,9542,10540,10660,12452,12564,11689,43466
3,22.62631349,88.44070498,Rajarhat,5940,8916,9573,10593,10723,12776,12867,11886,43481
3,22.62631087,88.44099683,Rajarhat,4419,8853,9442,10402,10492,12772,12647,11567,43507
3,22.62630825,88.44128867,Rajarhat,3105,8854,9479,10418,10524,13077,13332,12281,43580
3,22.6265818,88.44099965,Rajarhat,5355,8514,9113,10107,10011,13143,12050,10545,43504
3,22.62685273,88.44100247,Rajarhat,3222,8582,9164,10192,10122,13125,12228,10932,43509
3,22.62685011,88.44129432,Rajarhat,3456,8876,9476,10471,10538,12825,12499,11542,43553
3,22.62712366,88.4410053,Rajarhat,3690,8706,9334,10347,10345,12772,12452,11239,43457
3,22.62739197,88.44129997,Rajarhat,4419,8670,9246,10276,10177,13534,12529,11252,43481
3,22.62738935,88.44159182,Rajarhat,3456,8681,9271,10209,10139,13074,12517,11297,43543
3,22.62711579,88.44188084,Rajarhat,5355,9187,9810,10817,11042,13001,13085,12039,43591
3,22.62684749,88.44158617,Rajarhat,3222,9004,9508,10564,10649,13468,13156,12088,43585
3,22.62657656,88.44158334,Rajarhat,5940,9076,9683,10464,10625,13307,14072,12664,43598
3,22.62657918,88.4412915,Rajarhat,5355,8817,9356,10335,10346,12802,12877,11675,43578
3,22.62630563,88.44158052,Rajarhat,5940,8901,9397,10388,10441,13377,13351,12183,43595
3,22.626303,88.44187236,Rajarhat,3105,8787,9277,10202,10158,13633,12785,11318,43598
3,22.6260347,88.44157769,Rajarhat,3222,8836,9346,10182,10197,12664,12588,11458,43583
3,22.62603732,88.44128585,Rajarhat,3690,8925,9504,10414,10556,12585,12797,11986,43559
3,22.62576377,88.44157487,Rajarhat,5004,8830,9284,10083,10030,12270,12362,11361,43578
3,22.62686584,88.43954324,Rajarhat,3690,9081,9606,10730,10791,14092,12894,11588,43547
3,22.62631874,88.44012129,Rajarhat,5355,8752,9402,10359,10400,12751,12334,11228,43479
3,22.62685797,88.44041878,Rajarhat,5004,8601,9267,10291,10274,13238,12940,11625,43429
3,22.62714462,88.43867052,Rajarhat,3600,8591,9163,10225,10162,13102,12471,11184,43419
3,22.62660014,88.43895673,Rajarhat,5940,8882,9456,10427,10481,13476,12957,11689,43492
3,22.62605043,88.43982662,Rajarhat,3690,9014,9635,10533,10557,12493,12755,11841,43499
1,22.53583685,88.37617702,Ballygunge,1482,8765,9361,10215,10501,13644,13642,12273,44073
1,22.53583685,88.37617702,Ballygunge,2630,8765,9361,10215,10501,13644,13642,12273,44073
1,22.53583935,88.37588536,Ballygunge,1797,8615,9177,10050,10078,13787,12906,11309,43944
1,22.53583935,88.37588536,Ballygunge,1590,8615,9177,10050,10078,13787,12906,11309,43944
1,22.53556841,88.37588268,Ballygunge,1771,9217,9796,10581,10794,13198,13691,12195,43972
1,22.53556841,88.37588268,Ballygunge,2139,9217,9796,10581,10794,13198,13691,12195,43972
1,22.53529497,88.37617165,Ballygunge,1599,9594,9995,10548,10727,13387,14102,12718,44110
1,22.53529497,88.37617165,Ballygunge,2507,9594,9995,10548,10727,13387,14102,12718,44110
1,22.53556342,88.376466,Ballygunge,2616,9164,9596,10243,10452,13010,13907,12613,44100
1,22.53556342,88.376466,Ballygunge,1490,9164,9596,10243,10452,13010,13907,12613,44100
1,22.53583436,88.37646869,Ballygunge,1498,8831,9347,10162,10394,13036,14514,13078,44094
1,22.53583436,88.37646869,Ballygunge,2407,8831,9347,10162,10394,13036,14514,13078,44094
1,22.53583685,88.37617702,Ballygunge,2090,8765,9361,10215,10501,13644,13642,12273,44073
1,22.53583685,88.37617702,Ballygunge,2244,8765,9361,10215,10501,13644,13642,12273,44073
1,22.53556591,88.37617434,Ballygunge,2725,9202,9702,10373,10615,12940,14695,13146,44089
1,22.53556342,88.376466,Ballygunge,2152,9164,9596,10243,10452,13010,13907,12613,44100
1,22.60260017,88.39522514,Lake Town,2655,9144,9532,10199,10173,13327,13204,11645,44101
1,22.60232669,88.39551421,Lake Town,1715,9164,9562,10240,10371,12139,12659,11951,44259
1,22.60205829,88.39521968,Lake Town,2007,9391,9785,10387,10618,12238,13109,12478,44188
1,22.60205576,88.39551148,Lake Town,2552,9293,9713,10288,10452,12247,12618,11864,44284
1,22.60178989,88.39492515,Lake Town,1227,9320,9692,10385,10492,12792,13076,12033,44173
1,22.60151642,88.39521421,Lake Town,2048,9182,9539,10171,10190,12598,12500,11404,44204
1,22.60151896,88.39492241,Lake Town,1715,9229,9571,10221,10269,12403,12472,11551,44182
1,22.60178736,88.39521694,Lake Town,2254,9317,9669,10281,10438,12373,12939,12073,44208
1,22.51010711,88.34267577,Tollygunge,1241,9256,9655,10163,10132,12274,13529,12807,44160
1,22.50983373,88.34296477,Tollygunge,2410,9001,9326,9883,9774,12534,12792,11927,44383
1,22.5098313,88.34325638,Tollygunge,2146,9013,9377,9863,9772,12312,13189,12325,44312
1,22.50982887,88.34354799,Tollygunge,1938,8863,9191,9782,9525,12462,12824,11620,44211
1,22.5092967,88.34237631,Tollygunge,1794,8807,9098,9702,9454,12487,12436,11297,44203
1,22.50902333,88.3426653,Tollygunge,2780,9089,9478,10094,10047,12583,13863,12936,44296
1,22.50874995,88.3429543,Tollygunge,1793,9167,9633,10205,10180,12147,13029,12447,44261
1,22.50874508,88.34353752,Tollygunge,1262,9430,9890,10473,10445,12546,13449,12617,44321
1,22.50901603,88.34354014,Tollygunge,2172,9181,9647,10174,10106,12429,13252,12362,44395
1,22.50874022,88.34412074,Tollygunge,2160,9398,9841,10420,10459,12431,13342,12569,44214
1,22.50929184,88.34295953,Tollygunge,2267,9107,9447,10027,9970,12596,13875,13223,44396
1,22.50957494,88.34150409,Tollygunge,1808,8756,9050,9673,9540,11812,12290,11495,43961
1,22.50930642,88.34120986,Tollygunge,2425,8716,9116,9847,9787,12070,12933,12403,43915
1,22.50903305,88.34149886,Tollygunge,1846,8845,9357,10149,10196,12478,13092,12336,43906
1,22.50847414,88.3435349,Tollygunge,1884,9189,9714,10465,10467,12477,13311,12636,44288
1,22.50846197,88.34499295,Tollygunge,2720,8884,9416,10275,10321,12602,13288,12266,43945
1,22.50873535,88.34470396,Tollygunge,2052,9139,9630,10379,10401,12488,12536,11593,44020
1,22.5090136,88.34383175,Tollygunge,2238,9126,9542,10235,10246,12319,12797,12051,44334
1,22.50901846,88.34324853,Tollygunge,1820,9057,9452,10124,10041,12221,13393,12502,44404
1,22.51010468,88.34296738,Tollygunge,2323,9200,9555,10108,10047,12027,13714,13069,44197
1,22.51037805,88.34267839,Tollygunge,1749,9378,9813,10285,10242,12346,13556,12631,44118
1,22.51038048,88.34238677,Tollygunge,1966,9110,9506,10057,10036,12243,12703,11577,44062
1,22.51037562,88.34297,Tollygunge,2773,9371,9832,10346,10324,12353,14059,13260,44153
1,22.55162091,88.39967114,Kasba,2076,9201,9519,10234,10225,12765,13484,12670,44149
1,22.55162345,88.39937945,Kasba,1483,9330,9726,10341,10465,12312,13120,12583,44227
1,22.55135252,88.39937671,Kasba,1319,9558,9945,10677,10697,12379,13409,12466,43995
1,22.55161838,88.39996283,Kasba,2484,8878,9184,10053,9658,15907,12788,10733,44027
1,22.55189439,88.39938218,Kasba,2610,9294,9708,10294,10427,12256,13540,12984,44420
1,22.55189185,88.39967387,Kasba,2685,9225,9513,10140,10247,12107,13086,12437,44326
1,22.55188931,88.39996557,Kasba,1503,8881,9206,9906,9748,13183,12366,11186,44174
1,22.55216533,88.39938491,Salt Lake,2279,9256,9558,10183,10249,12210,12919,12356,44536
1,22.55162599,88.39908775,Kasba,1332,9370,9738,10279,10241,13140,12949,11968,44282
1,22.55189947,88.39879879,Kasba,1715,9336,9720,10179,10136,12292,12366,11558,44596
1,22.55189693,88.39909048,Kasba,2400,9484,9853,10366,10402,12539,12632,11756,44472
1,22.55135505,88.39908502,Kasba,2571,9438,9789,10413,10408,12727,12960,11928,44046
1,22.55243373,88.39967934,Salt Lake,1669,9206,9524,10183,10251,12149,13263,12745,44497
1,22.55270212,88.39997377,Salt Lake,1310,9161,9542,10222,10234,12331,13036,12124,44344
1,22.55297306,88.3999765,Salt Lake,1224,9395,9795,10393,10418,12407,12808,11882,44251
1,22.5529756,88.39968481,Salt Lake,1207,9274,9640,10231,10224,11962,12992,12384,44381
1,22.55270466,88.39968207,Salt Lake,2927,9282,9627,10230,10286,12061,13212,12617,44486
1,22.55243627,88.39938764,Salt Lake,1816,9358,9702,10306,10363,12193,12952,12300,44588
1,22.59855639,88.39284983,Lake Town,1761,8969,9440,10157,10207,12338,12257,11386,44074
1,22.59855386,88.39314162,Lake Town,1269,8943,9303,9971,9904,11925,11998,10895,44038
1,22.59828546,88.3928471,Lake Town,2703,8879,9284,9905,9866,11613,11902,11128,44064
1,22.59828799,88.39255531,Lake Town,1342,8989,9411,10151,10127,12310,11826,10898,44073
1,22.59801705,88.39255258,Lake Town,1337,9038,9432,10066,10100,12142,11656,10803,44046
1,22.59801452,88.39284438,Lake Town,1621,9040,9421,9953,9992,11693,11797,10933,44020
1,22.59855133,88.39343341,Lake Town,2394,9074,9343,9858,9813,11283,11819,11204,43982
1,22.59828039,88.39343069,Lake Town,2762,9211,9698,10329,10435,12211,12231,11431,43969
1,22.59828292,88.39313889,Lake Town,2769,8838,9213,9805,9741,11919,12112,11136,44024
1,22.59935147,88.39490057,Lake Town,2427,9094,9535,10234,10310,12328,12773,11985,43953
1,22.59908307,88.39460605,Lake Town,2279,9220,9652,10366,10457,12254,12454,11769,43899
1,22.59881213,88.39460332,Lake Town,2272,9139,9516,10209,10308,12071,12329,11513,43858
1,22.59854373,88.39430879,Lake Town,2400,9303,9599,10266,10276,12798,12883,11863,43821
1,22.60097201,88.39550055,Lake Town,1866,8959,9322,9915,9795,12697,11732,10582,44107
1,22.60016174,88.39520056,Lake Town,2125,9002,9286,9756,9707,11078,11395,10934,44017
1,22.60232416,88.39580601,Lake Town,1400,9088,9453,10026,9985,11689,11994,11194,44311
1,22.60178482,88.39550874,Lake Town,2866,9293,9685,10243,10362,12061,12556,11725,44278
1,22.60259763,88.39551694,Lake Town,2164,9150,9531,10192,10342,12577,12694,11829,44191
1,22.60559567,88.39350434,Lake Town,2172,9254,9729,10373,10253,12664,12668,11605,44079
1,22.60613755,88.3935098,Lake Town,1766,9461,9897,10459,10386,13314,13733,12530,44038
1,22.58720485,88.3895259,Lake Town,1893,8747,9214,10025,9999,12018,11434,10489,44207
1,22.58693391,88.38952318,Lake Town,1824,8783,9298,10060,10002,12237,11640,10635,44189
1,22.58720737,88.38923413,Lake Town,2285,8832,9234,9907,9859,11366,11635,10894,44314
1,22.58720989,88.38894236,Lake Town,2700,8928,9249,9848,9813,11193,11775,11189,44396
1,22.58721494,88.38835882,Lake Town,2616,9205,9546,10053,10103,11516,12168,11538,44460
1,22.58667306,88.38835339,Lake Town,2526,9117,9457,9983,9919,11416,12146,11478,44233
1,22.58640465,88.3880589,Lake Town,2578,9093,9352,9919,9859,11585,12022,11215,44189
1,22.58612867,88.38863972,Lake Town,2869,8922,9322,10127,9860,14336,12740,11095,44123
1,22.58613119,88.38834795,Lake Town,1706,8808,9194,9953,9718,13372,12258,10993,44136
1,22.58667054,88.38864515,Lake Town,2454,9163,9470,10027,9977,11556,12074,11355,44213
1,22.58639708,88.38893421,Lake Town,2585,8971,9334,9997,9950,12024,12191,11362,44149
1,22.58666549,88.38922869,Lake Town,1750,8870,9200,9820,9769,11478,11873,11269,44179
1,22.58693643,88.38923141,Lake Town,1766,8821,9270,9889,9853,11266,11954,11318,44237
1,22.58639456,88.38922597,Lake Town,2816,8788,9154,9771,9669,11682,11782,10980,44136
1,22.58639708,88.38893421,Lake Town,2692,8971,9334,9997,9950,12024,12191,11362,44149
1,22.58757883,88.37756601,Lake Town,1463,9451,9845,10393,10593,12045,13316,12707,44144
1,22.58757633,88.37785778,Lake Town,1730,9430,9836,10408,10566,12295,13466,12751,44106
1,22.58757633,88.37785778,Lake Town,1273,9430,9836,10408,10566,12295,13466,12751,44106
1,22.58730539,88.37785508,Lake Town,2510,9644,10028,10424,10535,12168,13995,13595,44155
1,22.58757883,88.37756601,Lake Town,1712,9451,9845,10393,10593,12045,13316,12707,44144
1,22.58757633,88.37785778,Lake Town,1333,9430,9836,10408,10566,12295,13466,12751,44106
1,22.58730789,88.37756331,Lake Town,2805,9862,10165,10517,10727,12102,14050,13559,44203
1,22.58730789,88.37756331,Lake Town,2492,9862,10165,10517,10727,12102,14050,13559,44203
1,22.58703696,88.37756062,Lake Town,2191,9678,9942,10389,10450,12143,13485,13158,44194
1,22.58703445,88.37785239,Lake Town,2080,9302,9684,10131,10145,11802,12819,12202,44167
1,22.58730539,88.37785508,Lake Town,2747,9644,10028,10424,10535,12168,13995,13595,44155
1,22.58730539,88.37785508,Lake Town,2677,9644,10028,10424,10535,12168,13995,13595,44155
1,22.58703696,88.37756062,Lake Town,2009,9678,9942,10389,10450,12143,13485,13158,44194
1,22.58963318,88.39071746,Lake Town,2648,8661,9257,10161,10181,12592,11305,10262,44052
1,22.58936224,88.39071474,Lake Town,2405,8692,9272,10164,10171,12019,11590,10585,44118
1,22.58909383,88.39042025,Lake Town,2840,8810,9260,10115,10110,11917,11281,10400,44184
1,22.58882037,88.3907093,Lake Town,1454,8820,9389,10168,10231,11821,11489,10676,44139
1,22.58936224,88.39071474,Lake Town,2230,8692,9272,10164,10171,12019,11590,10585,44118
1,22.58963318,88.39071746,Lake Town,2276,8661,9257,10161,10181,12592,11305,10262,44052
1,22.58882289,88.39041753,Lake Town,2563,8759,9197,9959,9927,11854,11066,10183,44193
1,22.60205068,88.39609508,Lake Town,2848,9427,9804,10553,10652,12431,13860,13140,44220
1,22.60204815,88.39638688,Lake Town,2296,9529,9854,10369,10517,12311,13566,12801,44153
1,22.60177721,88.39638414,Lake Town,1936,9719,10072,10529,10679,12317,12665,11928,44182
1,22.60177975,88.39609234,Lake Town,2032,9300,9737,10265,10409,11999,12822,11956,44230
1,22.60095932,88.39695954,Lake Town,2289,9598,9952,10437,10598,11970,13044,12584,44245
1,22.60123026,88.39696227,Lake Town,1435,10071,10413,10842,10988,12327,13218,12430,44190
1,22.6088393,88.39441253,Lake Town,1631,8962,9448,10296,10298,12564,12131,10923,44255
1,22.60856837,88.3944098,Lake Town,2728,9065,9479,10191,10145,12668,11848,10711,44195
1,22.60829997,88.39411526,Lake Town,2381,9719,9995,10318,10218,12321,12011,10935,44182
1,22.60829743,88.39440707,Lake Town,1946,9168,9481,10189,10122,12558,12702,11505,44155
1,22.62781495,88.39343637,Lake Town,2268,8718,9317,10241,10256,13378,12837,11126,43960
1,22.62754655,88.39314179,Lake Town,1998,8807,9422,10208,10209,13640,13025,11601,44014
1,22.62781242,88.39372823,Lake Town,1423,8758,9308,10262,10178,13085,11816,10352,43937
1,22.62754402,88.39343364,Lake Town,1319,8985,9529,10240,10278,12707,13606,12728,44005
1,22.62726801,88.39401462,Lake Town,2214,8883,9267,10112,9914,13895,12706,11058,43778
1,22.5529036,88.37663799,Park Street,2335,9169,9456,10041,10084,12272,12451,11714,44094
1,22.55317454,88.37664067,Park Street,2703,9313,9674,10236,10345,12039,12743,12116,44160
1,22.55344298,88.37693506,Park Street,1605,9226,9522,10103,10144,11834,12658,11898,44232
1,22.55371392,88.37693775,Park Street,1246,9022,9291,9912,9881,12287,12298,11455,44273
1,22.55371891,88.37635435,Park Street,2766,9140,9511,10177,10262,12463,13457,12647,44217
1,22.55344797,88.37635166,Park Street,2119,9324,9650,10224,10328,12034,12917,12277,44180
1,22.5542583,88.37665143,Park Street,2596,9140,9457,10092,10088,12184,13101,12199,44313
1,22.55479768,88.37694851,Park Street,2186,9198,9461,9952,9858,11527,12212,11565,44200
1,22.55506612,88.3772429,Park Street,2768,9215,9599,9982,9991,12046,13093,12387,44159
1,22.55533706,88.37724559,Park Street,1497,9288,9597,10113,10184,12110,12880,12135,44161
1,22.555608,88.37724828,Park Street,1698,9065,9364,9962,9824,12187,12253,11311,44146
1,22.5556055,88.37753999,Park Street,1789,8987,9239,9905,9816,12073,12467,11498,44163
1,22.55398736,88.37664874,Park Street,1726,9067,9383,10017,10111,12198,13889,13208,44264
1,22.55263515,88.3763436,Park Street,2058,9157,9471,10084,10115,12854,13039,12039,43958
1,22.55290609,88.37634629,Park Street,2609,9250,9565,10157,10203,12404,12835,11778,44063
1,22.55854076,88.38282038,Park Street,2616,9607,9913,10279,10246,12068,11887,11017,44460
1,22.55826731,88.38310938,Park Street,1799,9340,9580,10011,9761,12726,11646,10333,44452
1,22.55799888,88.38281497,Park Street,2780,8682,9163,9936,9824,12884,11899,10572,44430
1,22.55772543,88.38310398,Park Street,2556,8918,9265,9902,9847,12210,12486,11633,44464
1,22.55772794,88.38281227,Park Street,1536,8792,9219,9955,9959,13311,12663,11420,44432
1,22.5574545,88.38310128,Park Street,2450,8850,9192,9878,9912,12094,12385,11567,44476
1,22.55691513,88.38280417,Park Street,1292,8862,9265,9954,9969,12485,12275,11376,44502
1,22.55691011,88.38338758,Park Street,2617,9000,9295,9868,9878,12322,12411,11457,44513
1,22.55636823,88.38338218,Park Street,2169,9271,9677,10249,10329,12230,12714,12065,44499
1,22.55609729,88.38337947,Park Street,2187,9189,9568,10263,10290,12389,12981,12161,44464
1,22.55690509,88.38397099,Park Street,2790,9107,9411,10014,10055,11635,12546,11969,44551
1,22.55690509,88.38397099,Park Street,2477,9107,9411,10014,10055,11635,12546,11969,44551
1,22.55717854,88.38368199,Park Street,2771,8959,9250,9737,9651,11548,11756,11048,44552
1,22.55662661,88.38484341,Park Street,1553,9068,9423,10037,9958,11388,11429,10828,44625
1,22.55662661,88.38484341,Park Street,1929,9068,9423,10037,9958,11388,11429,10828,44625
1,22.55608473,88.384838,Park Street,1763,9222,9612,10152,10170,12243,12897,12189,44467
1,22.5563607,88.38425729,Park Street,1538,9162,9553,10133,10193,12060,12395,11801,44521
1,22.55664168,88.38309317,Park Street,1814,9092,9508,10151,10227,11980,12636,11872,44531
1,22.55773296,88.38222885,Park Street,1335,8707,9301,10079,10145,12049,12632,11908,44410
1,22.55746202,88.38222615,Park Street,1846,8769,9283,10130,10172,12149,12778,11997,44411
1,22.51152245,88.33539844,Tollygunge,2847,9120,9636,10310,10154,13486,13317,12009,44227
1,22.51097572,88.33597647,Tollygunge,2432,9184,9782,10480,10384,12705,12966,11862,44442
1,22.51042899,88.33655449,Tollygunge,2769,8724,9089,9813,9573,11813,11895,11053,44210
1,22.51042657,88.3368461,Tollygunge,2155,8852,9185,9761,9499,11920,12808,12078,44185
1,22.51015321,88.33713511,Tollygunge,2558,8770,9151,9913,9688,12088,12754,11798,44048
1,22.50987984,88.33742412,Tollygunge,1570,8674,9085,9764,9476,11081,10643,9705,43737
1,22.50987499,88.33800735,Tollygunge,1639,8740,9175,9863,9623,12041,10852,9581,43872
1,22.50960647,88.33771313,Tollygunge,1613,8557,8990,9722,9447,10707,9122,8388,43556
1,22.50960163,88.33829635,Tollygunge,2100,8476,8860,9565,9251,10393,9197,8458,43569
1,22.51124909,88.33568746,Tollygunge,2071,9475,9981,10591,10445,13135,13869,12858,44287
1,22.53829753,88.34148977,Alipore,2900,8635,8940,9594,9411,11269,11997,11249,43940
1,22.53829266,88.34207311,Alipore,1402,8784,9235,9847,9812,11774,12261,11538,44111
1,22.53801685,88.34265384,Alipore,2415,8874,9285,9968,9826,11927,12230,11163,44005
1,22.53775078,88.34206787,Alipore,1534,8887,9306,10012,9906,11832,11641,10722,43925
1,22.53801685,88.34265384,Alipore,2883,8874,9285,9968,9826,11927,12230,11163,44005
