Class,latitude,longitude,Location,Guidance Value(Rs. per square meter),Band_1,Band_2,Band_3,Band_4,Band_5,Band_6,Band_7,Band_8
0,12.9768208,77.64010604,Indiranagar,344500,8536,9019,10330,10714,13648,13120,11552,45975
0,12.97654981,77.64010318,Indiranagar,204300,8212,8568,10090,10662,13455,13648,12339,45962
0,12.97738522,77.63790114,Indiranagar,270000,8850,9422,10397,11406,13520,14182,13121,46207
0,12.97765341,77.63818033,Indiranagar,156030,8553,8949,9873,9972,12735,12213,11661,46322
0,12.97928498,77.63764483,Indiranagar,278600,8111,8763,10496,10973,13909,14872,13470,46054
0,12.9779216,77.63845952,Indiranagar,278600,9349,9860,10713,12311,14845,15057,13780,46378
0,12.97873738,77.63819177,Indiranagar,163000,8443,9064,9796,10250,12560,12333,11503,46163
0,12.97927376,77.63875015,Indiranagar,205000,8591,9052,9985,10740,13753,13763,12234,46165
0,12.97792721,77.63790686,Indiranagar,390040,9488,10141,10952,11562,13223,14171,13539,46347
0,12.97790477,77.64011748,Indiranagar,163000,9109,9850,10856,11457,13366,14572,13924,46160
0,12.9762704,77.64092929,Indiranagar,163000,7959,8505,9788,10061,12531,12755,11947,45856
0,12.9762732,77.64065297,Indiranagar,286020,8509,9177,11087,11687,13619,14185,13400,45880
0,12.97490982,77.64146763,Indiranagar,204300,9500,10297,11437,12649,15098,14948,13432,45997
0,12.97653577,77.64148481,Indiranagar,390040,9135,9754,10632,11646,14761,15020,13518,45866
0,12.97707776,77.64149053,Indiranagar,204300,8721,9196,9574,10174,13843,12662,11330,45937
0,12.97896909,77.64206323,Indiranagar,156030,8787,9236,10524,11143,12965,13216,12711,46244
0,12.97896628,77.64233956,Indiranagar,177000,8715,9659,10183,10713,13492,13544,12498,46229
0,12.97760008,77.64343054,Indiranagar,163000,8351,8933,9729,10241,13158,13703,12653,45900
0,12.97759446,77.64398319,Indiranagar,482300,8382,8567,10024,10244,14455,12294,10545,45808
0,12.97759727,77.64370687,Indiranagar,390040,8721,9098,10062,10633,14035,13087,11031,45837
0,12.97542372,77.6442366,Indiranagar,156030,8312,8888,10350,11002,14644,14317,12775,45913
0,12.97515554,77.64395741,Indiranagar,162500,9524,10449,11693,12993,15014,15801,14371,46067
0,12.97543496,77.6431313,Indiranagar,286020,8445,9242,10357,10675,14546,14400,12542,45792
0,12.97516677,77.64285211,Indiranagar,203000,9320,10114,11329,12347,14666,14627,12890,45844
0,12.97598817,77.64203173,Indiranagar,205000,8380,8787,10087,10247,13834,12826,11299,45754
0,12.97544338,77.64230233,Indiranagar,205000,8332,8779,9342,9666,12660,12067,11001,45863
0,12.97544619,77.642026,Indiranagar,263700,7804,8271,9455,9405,13787,13137,11617,45895
0,12.9749014,77.6422966,Indiranagar,482300,8702,9179,10214,10882,14070,13145,11928,45908
0,12.97489859,77.64257292,Indiranagar,163000,8656,9257,10035,10753,13676,13323,11730,45886
0,12.97489578,77.64284925,Indiranagar,270000,8325,8876,9970,10755,13641,13004,11514,45869
0,12.97221393,77.64005741,Indiranagar,278600,9070,9509,11342,12120,14349,14460,13213,46211
0,12.97194294,77.64005455,Indiranagar,162500,8906,9723,11126,12188,14213,14259,13310,46228
0,12.9732586,77.64393735,Indiranagar,162500,8545,9297,10163,10927,14090,13371,11543,46024
0,12.97326422,77.64338471,Indiranagar,344500,8986,9347,11111,11276,13717,13362,12066,45968
0,12.97299603,77.64310552,Indiranagar,163000,8498,8995,9703,10334,13245,13352,12202,45973
0,12.97272504,77.64310266,Indiranagar,286020,8985,9487,10516,11450,14232,14293,12680,46035
0,12.97245405,77.6430998,Indiranagar,204300,8654,9000,10048,10581,13398,13079,11929,46072
0,12.97245686,77.64282348,Indiranagar,163000,9074,9488,10840,11665,13948,14118,12813,46041
0,12.97137008,77.64308834,Indiranagar,263700,9589,10406,11450,12244,14213,13839,13088,46014
0,12.97109909,77.64308548,Indiranagar,270000,8959,9785,10728,11582,14077,14218,13057,45992
0,12.97083652,77.64225366,Indiranagar,482300,8610,9468,11073,11949,14031,14270,13143,46013
0,12.97110751,77.64225652,Indiranagar,278600,9480,10428,11615,13089,15233,15262,13644,46094
0,12.97111313,77.64170388,Indiranagar,156030,8956,9712,10771,11419,13712,14469,13938,46040
0,12.97165511,77.64170961,Indiranagar,204300,8429,8885,10080,10297,14578,13526,11574,46032
0,12.9716495,77.64226225,Indiranagar,390040,9511,10140,11759,12913,16141,15813,13205,46082
0,12.97164107,77.64309121,Indiranagar,344500,9385,10200,11580,12197,14297,14849,13531,46062
0,12.97246247,77.64227083,Indiranagar,163000,8808,9227,10752,10959,13959,13706,12199,46083
0,12.97273627,77.64199738,Indiranagar,482300,9238,9809,10738,11792,13469,14067,13461,46076
0,12.97219148,77.64226797,Indiranagar,482300,9948,10455,11311,12381,14977,14190,12661,46093
0,12.97301007,77.64172392,Indiranagar,482300,8774,9202,10833,11627,14024,14162,12732,45941
0,13.00857738,77.58156926,Malleshwaram,156030,8694,9254,10324,11202,14098,13664,12531,45989
0,13.00830638,77.58156645,Malleshwaram,162500,9210,9654,11405,12247,14478,15353,13333,45952
0,13.00776437,77.58156084,Malleshwaram,203000,8294,8967,9792,9893,14414,14192,12704,45699
0,13.00830088,77.5821192,Malleshwaram,156030,8985,9486,10650,11371,13880,13842,12423,45669
0,13.00884289,77.58212481,Malleshwaram,204300,8734,9043,9867,10441,12977,12422,11146,45712
0,13.00804087,77.5810109,Malleshwaram,205000,7970,8344,9369,9661,14630,12707,11081,45860
0,13.00750161,77.58072892,Malleshwaram,344500,9325,9641,11164,11402,15082,14853,13674,45900
0,13.00831738,77.58046095,Malleshwaram,482300,8451,9002,9685,10186,12859,11810,10635,45937
0,13.00804912,77.58018178,Malleshwaram,204300,9542,10054,11201,11743,13772,14666,14034,45881
0,13.00778087,77.5799026,Malleshwaram,278600,9758,10210,10925,11559,13820,13930,12810,46105
0,13.00751536,77.57934705,Malleshwaram,203000,9516,9776,10704,11188,13424,13354,12674,46152
0,13.0072471,77.57906787,Malleshwaram,344500,9910,10410,11664,12547,14161,14677,13775,46172
0,13.00751536,77.57934705,Malleshwaram,278600,9516,9776,10704,11188,13424,13354,12674,46152
0,13.0072471,77.57906787,Malleshwaram,344500,9910,10410,11664,12547,14161,14677,13775,46172
0,13.0066996,77.57961502,Malleshwaram,205000,8975,9330,10424,10793,13269,14044,12737,46056
0,13.00642584,77.57988859,Malleshwaram,270000,8865,9331,10299,11109,14999,14375,12758,46001
0,13.00642584,77.57988859,Malleshwaram,482300,8865,9331,10299,11109,14999,14375,12758,46001
0,13.00587834,77.58043572,Malleshwaram,270000,9182,10133,11175,12432,14173,14094,12508,45801
0,13.00559908,77.58126203,Malleshwaram,163000,9266,9840,10836,11446,14571,13821,12318,45969
0,13.00642035,77.58044133,Malleshwaram,344500,9078,9514,10201,10988,14467,13468,11632,45859
0,13.00587559,77.58071209,Malleshwaram,344500,9182,10133,11175,12432,14173,14094,12508,45801
0,13.0066886,77.58072051,Malleshwaram,203000,9173,9294,9956,10402,12808,14245,13331,45827
0,13.00668585,77.58099688,Malleshwaram,482300,11225,11425,12556,12822,14420,14812,14390,45792
0,13.00668585,77.58099688,Malleshwaram,204300,11225,11425,12556,12822,14420,14812,14390,45792
0,13.00722511,77.58127886,Malleshwaram,205000,9392,9626,11102,11133,14069,13860,13459,45685
0,13.00720861,77.58293709,Malleshwaram,177000,8606,9073,10354,11384,14742,14267,12503,45917
0,13.0069376,77.58293429,Malleshwaram,177000,9055,9474,10567,11117,14216,13811,12241,45894
0,13.00692935,77.5837634,Malleshwaram,344500,8521,9030,9966,10341,12663,13174,12186,46101
0,13.00720035,77.58376621,Malleshwaram,203000,8673,8986,10310,10946,13983,14637,13661,46119
0,13.00747135,77.58376902,Malleshwaram,390040,9056,9623,10535,11477,13634,13650,12749,46153
0,13.00774236,77.58377183,Malleshwaram,205000,9733,9754,10962,11079,13412,12718,11808,46182
0,13.00747411,77.58349265,Malleshwaram,205000,9227,9727,10583,10883,12843,12514,11666,46079
0,13.00747411,77.58349265,Malleshwaram,286020,9227,9727,10583,10883,12843,12514,11666,46079
0,13.0069321,77.58348703,Malleshwaram,205000,8979,9338,10699,10996,12695,13518,12968,46038
0,13.0069376,77.58293429,Malleshwaram,204300,9055,9474,10567,11117,14216,13811,12241,45894
0,13.00938765,77.58185405,Malleshwaram,344500,9141,9258,10399,10627,13375,12794,11991,46008
0,13.0093904,77.58157767,Malleshwaram,163000,8824,9076,9967,10412,14057,13395,12046,45996
0,13.0096669,77.58102772,Malleshwaram,205000,9112,9372,10583,11402,14475,14417,12734,45951
0,13.00993791,77.58103053,Malleshwaram,162500,9515,9949,10879,11571,13791,13089,11516,45798
0,13.01075092,77.58103894,Malleshwaram,162500,8628,8737,10140,10026,14352,13628,12227,45725
0,13.01020891,77.58103333,Malleshwaram,344500,10236,10639,11709,12619,15500,15042,14178,45780
0,13.01075367,77.58076257,Malleshwaram,482300,8778,9128,10330,10562,14660,13992,12762,45686
0,13.01048266,77.58075976,Malleshwaram,205000,8769,9256,10510,11441,14778,14504,12521,45734
0,13.00994615,77.5802014,Malleshwaram,156030,9130,9864,10647,11653,13224,13445,11904,45953
0,13.0099489,77.57992503,Malleshwaram,204300,8223,8706,9534,9739,14409,12154,10525,45917
0,13.01021991,77.57992783,Malleshwaram,204300,8882,9127,10385,10260,14801,13168,12155,45913
0,13.00995715,77.5790959,Malleshwaram,278600,8422,8716,9664,9679,15085,12693,10999,45423
0,13.01076742,77.57938068,Malleshwaram,278600,10026,10487,11207,11832,14494,15230,14459,45879
0,13.01104117,77.57910711,Malleshwaram,278600,8610,8959,10226,10339,14459,13828,12532,45730
0,13.01076192,77.57993344,Malleshwaram,204300,8402,8683,9663,9950,13789,12489,10808,45923
0,13.01103017,77.58021262,Malleshwaram,177000,9778,10109,11403,12149,14393,13797,12709,45701
0,13.01103292,77.57993624,Malleshwaram,344500,8307,8656,9512,9694,14554,13250,11737,45708
0,12.97492666,77.63980969,Indiranagar,390040,9316,9839,11040,11966,14532,14344,12848,45940
0,12.97438467,77.63980397,Indiranagar,177000,8747,9235,10296,10749,12598,13101,12203,46100
0,12.97437626,77.64063294,Indiranagar,162500,9059,9758,11117,11720,13687,14281,13150,45839
0,12.97436503,77.64173823,Indiranagar,482300,8139,8398,9444,9590,16035,12772,10588,45799
0,12.97437064,77.64118558,Indiranagar,278600,8560,9196,9694,10431,12653,13167,12507,45803
0,12.97546864,77.63981541,Indiranagar,204300,8460,8911,10651,11039,13561,13919,12928,45936
0,12.97547425,77.63926276,Indiranagar,177000,8995,9484,10944,11766,13714,14207,12959,45951
0,12.9738483,77.6392456,Indiranagar,482300,9430,9975,10829,11448,12455,12871,12342,46185
0,12.97383427,77.64062721,Indiranagar,286020,8669,8856,10561,10899,13230,12474,11170,46042
0,12.97329229,77.64062149,Indiranagar,204300,9065,9476,10556,11411,13263,13109,12055,46066
0,12.9727475,77.64089209,Indiranagar,203000,9611,10754,10930,12131,13893,15561,14712,46086
0,12.97381743,77.64228515,Indiranagar,205000,8183,8466,9907,9943,13382,12598,11399,45897
0,12.97434818,77.64339617,Indiranagar,177000,8161,8480,9528,10139,13499,12695,11334,45747
0,12.97408,77.64311698,Indiranagar,163000,8316,8925,9850,10238,14265,13409,12194,45739
0,12.9765133,77.64369541,Indiranagar,203000,8803,9449,9770,10409,13791,13357,12244,45625
0,12.97679553,77.64259297,Indiranagar,263700,9822,10335,11766,11798,15342,14258,13330,45769
0,12.97706653,77.64259583,Indiranagar,344500,9020,9503,10256,10742,14415,13083,11120,45831
0,12.97704686,77.64453011,Indiranagar,278600,8037,8575,9302,9575,14019,12674,11000,45558
0,12.97762255,77.64121993,Indiranagar,270000,7880,8271,9038,8919,15203,12214,10162,45964
0,12.9781533,77.64233096,Indiranagar,204300,9049,9518,10382,11386,13414,13519,12304,46191
0,12.97814768,77.64288362,Indiranagar,390040,8218,8574,9603,9874,12089,12311,11530,46197
0,12.9778795,77.64260443,Indiranagar,482300,9420,9856,10628,11745,13217,14380,13595,46137
0,12.97870652,77.64123138,Indiranagar,204300,9216,9783,10995,11438,13504,13566,12673,46147
0,12.97597975,77.6428607,Indiranagar,344500,8774,9033,9854,10237,12943,12509,11422,45694
0,12.97597413,77.64341335,Indiranagar,263700,8150,8500,9194,9374,14799,12786,11131,45660
0,13.01073991,77.58214445,Malleshwaram,177000,8746,9152,10023,10655,13815,13569,11940,45891
0,13.01020066,77.58186246,Malleshwaram,203000,8038,8384,9035,9430,14084,12042,9960,45833
0,13.01046066,77.58297077,Malleshwaram,482300,8652,8949,10017,10531,14789,14247,12151,46149
0,13.0099214,77.58268878,Malleshwaram,482300,8417,9083,9661,10475,15143,12994,11395,46030
0,13.0096504,77.58268598,Malleshwaram,286020,9221,9659,10779,10752,14392,13316,11745,46226
0,13.00911114,77.58240399,Malleshwaram,162500,9153,9437,10328,11019,13449,12535,11745,46155
0,13.00937113,77.58351229,Malleshwaram,270000,8832,9448,10638,11778,14301,13516,11997,46378
0,13.00855812,77.58350387,Malleshwaram,204300,9448,9895,11093,11571,15063,13663,12206,45825
0,13.00856363,77.58295113,Malleshwaram,278600,8927,9266,10090,11107,14906,13261,11539,45682
0,13.00856638,77.58267475,Malleshwaram,270000,9467,9945,11210,12333,14325,15541,13830,45683
0,13.00885664,77.58074294,Malleshwaram,263700,8858,9235,10070,10390,12201,12894,12246,45941
0,13.00886214,77.58019019,Malleshwaram,163000,9462,10445,11096,12136,13940,14416,12881,45890
0,13.00886763,77.57963744,Malleshwaram,344500,8062,8426,9668,9769,13863,13230,11919,46068
0,13.00914414,77.57908749,Malleshwaram,163000,8202,8648,9481,9732,13995,12537,10736,45975
0,13.0080711,77.57797078,Malleshwaram,390040,8698,8989,9880,10479,14026,13098,11765,45864
0,13.00832837,77.57935546,Malleshwaram,344500,8967,9821,11160,12437,14099,15037,13488,45840
0,13.00806286,77.57879991,Malleshwaram,270000,8240,9138,10404,11025,13210,13373,11847,45997
0,13.00969439,77.57826397,Malleshwaram,390040,9596,10043,11330,11980,15656,15780,14744,45465
0,13.01104941,77.57827798,Malleshwaram,203000,8995,9487,10560,11069,14446,12685,10910,45665
0,13.0093959,77.58102492,Malleshwaram,162500,8935,9516,10539,11492,14248,13739,12159,45999
0,12.9793363,77.57850327,Malleshwaram,203000,9866,10437,11391,12316,14438,15477,15030,46039
0,12.97963197,77.57601897,Malleshwaram,390040,9475,10039,11320,11779,13435,13502,12539,46554
0,12.97881347,77.57656328,Malleshwaram,203000,9461,9993,11303,11906,13387,13599,12837,46351
0,12.97770753,77.57876284,Malleshwaram,482300,9754,10022,11249,11998,13603,14780,14330,46200
0,12.97716004,77.57930993,Malleshwaram,270000,9465,9792,10630,10951,13326,14165,13755,46266
0,12.97717374,77.57792823,Malleshwaram,205000,9215,9648,10584,11180,12148,13398,12897,46490
0,12.98576353,77.58630814,MG Road,263700,11410,11858,13488,14023,17140,16387,15126,45841
0,12.98522152,77.58630253,MG Road,286020,8601,9057,9859,10509,13693,13566,12138,45921
0,12.98634951,77.58189216,Malleshwaram,278600,9361,9793,10671,11454,13768,13918,12723,46354
0,12.98824655,77.58191177,Malleshwaram,278600,8960,9401,10676,11029,13870,13438,12212,46080
0,12.98743903,77.58135066,Malleshwaram,203000,10041,10231,11345,11892,13908,14586,13971,46521
0,12.98718449,77.57968976,Malleshwaram,344500,9361,9896,11130,11598,13659,14094,13376,46887
0,12.98555572,77.57994932,Malleshwaram,482300,9694,10299,11132,11620,13570,15525,14728,46302
0,12.98473447,77.58076997,Malleshwaram,278600,8842,9431,10391,11032,12181,13490,12738,46412
0,12.98584318,77.57829402,Malleshwaram,203000,9688,10589,11943,12924,14018,14231,13245,46169
0,12.98584866,77.57774132,Malleshwaram,156030,8901,9494,10618,11058,12724,12720,12065,46159
0,12.98477012,77.57717744,Malleshwaram,482300,9781,10334,11157,12262,13647,14598,13391,45981
0,12.98125801,77.57603573,Malleshwaram,204300,9010,9840,10539,11519,11822,12557,11858,46961
0,12.97771575,77.57793382,Malleshwaram,344500,9018,9565,10277,10808,12208,12934,12000,46350
0,12.97824406,77.57932111,Malleshwaram,177000,8913,9415,10253,10711,13275,13130,11762,45975
0,12.97716826,77.57848091,Malleshwaram,163000,9914,10703,11413,12263,13443,15209,14374,46287
0,12.9793226,77.57988498,Malleshwaram,204300,10062,10306,11562,11906,14347,14096,13830,46244
0,12.98016028,77.57740628,Malleshwaram,205000,8064,8966,10633,11037,12350,14004,13776,46266
0,12.9799194,77.5743637,Rajajinagar,204300,9606,9928,10686,11371,12844,13905,13463,46410
0,12.98640438,77.57636516,Malleshwaram,204300,9963,10352,12155,12534,14638,15375,14781,46435
0,12.98721466,77.57664989,Malleshwaram,270000,9035,9583,10754,11246,13118,13485,12697,46407
0,12.9866562,77.57830241,Malleshwaram,204300,9378,10512,11620,12724,14519,15276,14003,46417
0,12.98720095,77.57803165,Malleshwaram,278600,8860,9256,10714,11221,13889,14301,13041,46422
0,12.98558588,77.57690947,Malleshwaram,156030,8497,8954,9659,10155,12903,12941,11836,46067
0,12.98449638,77.57745099,Malleshwaram,263700,9662,10267,11118,11944,13794,14081,12996,46137
0,12.98395437,77.5774454,Malleshwaram,344500,9031,9337,10275,10517,12722,12670,12041,46577
0,12.98421989,77.57800089,Malleshwaram,163000,9907,10402,11860,12392,13256,14037,13422,46309
0,12.98420892,77.57910629,Malleshwaram,278600,9505,9911,11060,11256,12905,13217,12710,46335
0,12.98527922,77.58049922,Malleshwaram,162500,9010,9504,10322,11101,13263,13992,12777,46566
0,12.9855612,77.57939662,Malleshwaram,278600,8015,8447,9403,9556,12358,11684,10380,46044
0,12.98689976,77.58106871,Malleshwaram,156030,9313,9660,10876,11194,14447,13713,12814,46493
0,12.98688878,77.58217411,Malleshwaram,162500,9461,9919,11040,11518,14309,14721,13760,46139
0,12.98716528,77.58162421,Malleshwaram,156030,9222,9518,10583,11301,13179,14084,13093,46494
0,12.98770179,77.58218251,Malleshwaram,390040,9410,9896,10789,11514,13333,14116,13014,46098
0,12.9885203,77.58163821,Malleshwaram,344500,10466,11111,12649,13250,14425,14953,13902,46082
0,12.98611693,77.57802046,Malleshwaram,162500,8265,8991,10145,10761,13671,13101,11983,46199
0,12.98583495,77.57912307,Malleshwaram,156030,9083,9808,11452,12196,13906,15201,14363,46169
0,12.98556395,77.57912027,Malleshwaram,263700,8145,8723,10071,10783,13532,13422,11745,46123
0,12.98662327,77.58161861,Malleshwaram,286020,9093,9672,10905,12079,13636,14789,14041,46422
0,12.98745824,77.5794162,Malleshwaram,156030,9351,10544,11519,12572,13858,15365,13176,46706
0,12.98528471,77.57994652,Malleshwaram,286020,9402,9861,10898,10886,14333,13758,12728,46190
0,12.98582946,77.57967577,Malleshwaram,163000,10402,10888,12236,12857,13945,14947,14712,46312
0,12.98555297,77.58022567,Malleshwaram,204300,9954,10361,11874,12139,13580,15514,14861,46611
0,12.98525726,77.58271,Malleshwaram,163000,9928,10677,11280,12225,14311,14826,13364,46212
0,12.98444699,77.58242525,Malleshwaram,278600,9084,9328,10184,10227,11620,11583,11240,46725
0,12.97879155,77.57877402,Malleshwaram,203000,9576,9931,11134,11501,12990,13691,13359,46254
0,12.97879703,77.57822133,Malleshwaram,390040,9022,9583,10333,10949,12726,14197,12687,46325
0,12.97878607,77.5793267,Malleshwaram,390040,9362,10072,10997,11827,13112,13927,13145,46017
0,13.00775337,77.58266633,Malleshwaram,286020,10933,12085,13284,14562,15877,14672,12441,45856
0,13.00802987,77.58211639,Malleshwaram,390040,8417,8627,9787,9752,14217,12834,11346,45616
0,13.00748786,77.58211078,Malleshwaram,482300,9075,9411,10879,11278,14030,13995,12674,45756
0,13.00775887,77.58211359,Malleshwaram,482300,9249,10094,10916,11782,15053,14026,12140,45775
0,13.00802162,77.58294551,Malleshwaram,205000,8676,8976,9732,10026,14583,13425,11304,45701
0,13.00829813,77.58239557,Malleshwaram,177000,9149,9503,10361,10953,13335,13016,11487,45665
0,13.00803262,77.58184002,Malleshwaram,156030,8346,8897,9895,10453,13416,12824,11429,45866
0,13.00749887,77.58100529,Malleshwaram,204300,8807,9308,10591,11414,13940,14186,12621,45866
0,13.00695686,77.58099968,Malleshwaram,204300,8915,9294,10041,10651,13819,12953,11616,45812
0,13.00695961,77.58072331,Malleshwaram,204300,9496,9795,10786,11329,14001,14916,13421,45845
0,13.00696235,77.58044694,Malleshwaram,263700,9015,9274,9855,10247,14138,13096,11517,45894
0,13.00750436,77.58045254,Malleshwaram,205000,8984,9302,10020,10415,13963,12823,11331,45939
0,13.00801887,77.58322189,Malleshwaram,163000,9288,9600,10604,10880,14549,13531,12158,45766
0,13.00828437,77.58377744,Malleshwaram,204300,8745,9041,9936,10246,12909,13003,11984,45970
0,13.01158593,77.57883634,Malleshwaram,162500,9436,10031,10868,11591,15131,13910,12693,45648
0,13.01213618,77.5780128,Malleshwaram,156030,9258,9424,10878,10939,14386,13727,12001,45792
0,13.01186792,77.57773362,Malleshwaram,163000,9022,9757,10362,11510,13777,13771,12039,45761
0,13.01240169,77.57856836,Malleshwaram,344500,8588,8886,9743,9873,14597,12895,11445,45776
0,13.01158867,77.57855996,Malleshwaram,344500,8293,8894,9822,10469,14881,13668,11557,45682
0,13.01159142,77.57828358,Malleshwaram,204300,8293,8894,9822,10469,14881,13668,11557,45682
0,13.01132042,77.57828078,Malleshwaram,482300,8457,8725,9800,9462,15370,12080,10132,45668
0,13.00693485,77.58321066,Malleshwaram,270000,8601,8858,10143,10386,14374,12784,11671,45969
0,13.00666385,77.58320785,Malleshwaram,177000,7926,8396,9218,9763,15242,12828,10778,45930
0,13.00639559,77.58292868,Malleshwaram,177000,8394,8912,9997,10637,13819,14365,13102,45832
0,13.00612459,77.58292587,Malleshwaram,156030,9801,10584,12093,12950,14250,15635,14758,45846
0,13.00585359,77.58292306,Malleshwaram,344500,9009,9526,10700,11213,13191,13858,12725,46051
0,13.00557983,77.58319663,Malleshwaram,263700,7991,8301,9403,9665,12801,12733,11330,46167
0,13.00638734,77.58375779,Malleshwaram,278600,8231,8669,9571,10606,13170,12506,11318,46117
0,13.00584533,77.58375218,Malleshwaram,203000,9449,9909,11360,11772,13107,14076,14281,46308
0,13.00584533,77.58375218,Malleshwaram,278600,9449,9909,11360,11772,13107,14076,14281,46308
2,13.00355459,77.62297623,Indiranagar,100000,9901,10442,11447,12179,13802,14357,13362,46312
2,13.00328638,77.62269702,Indiranagar,97000,8938,9401,10816,11442,14567,13786,12303,46258
2,13.00274439,77.62269133,Indiranagar,97000,10704,11142,12998,13091,16370,14476,11965,46067
2,13.00246781,77.6232412,Indiranagar,100400,8908,9487,10399,10856,13442,12911,11953,45972
2,13.00246502,77.62351755,Indiranagar,111450,8867,9256,10296,10866,13107,13474,12458,45995
2,13.00273322,77.62379676,Indiranagar,90000,8883,9331,10856,11481,13960,14236,12838,46079
2,13.00300142,77.62407597,Indiranagar,95000,8029,8491,9514,9707,13817,11741,10269,46012
2,13.00219402,77.62351471,Indiranagar,100400,8491,8957,9925,10253,13128,12862,11625,45925
2,13.00381441,77.62408452,Indiranagar,94800,9030,9602,10862,11771,14869,15911,14848,45944
2,13.00245104,77.62489934,Indiranagar,90000,9022,9526,10631,11317,13634,14971,13455,46093
2,13.00163806,77.62489079,Indiranagar,105200,10003,10895,12282,12697,14922,15984,15178,45975
2,13.00137265,77.62433523,Indiranagar,94800,7870,8336,9314,9695,13880,12757,10931,45892
2,13.00353503,77.62491075,Indiranagar,94800,8656,9387,10322,10954,14568,13152,11310,45846
2,13.00356297,77.62214715,Indiranagar,150000,9809,10563,12055,13427,15061,16620,14889,46340
2,13.00274998,77.62213861,Indiranagar,100000,8412,8916,9964,10198,12582,12105,11347,46091
2,13.00220799,77.62213292,Indiranagar,90000,8248,8782,9999,10451,14145,13073,11870,45914
2,13.00193141,77.62268278,Indiranagar,90000,8651,9464,10994,11786,14956,14372,13181,45857
2,13.00165203,77.62350901,Indiranagar,100400,8613,8967,9876,10086,13118,12659,11701,45846
2,13.00111563,77.6229506,Indiranagar,105200,8167,8730,9884,10238,14453,12821,11319,45910
2,13.00112121,77.62239788,Indiranagar,111450,8270,8945,10564,10941,14079,14224,13123,45914
2,13.00541421,77.59977875,Malleshwaram,111450,9258,9992,11453,12529,14240,14472,13541,46507
2,13.0054059,77.60060785,Malleshwaram,95000,9873,10617,11829,12482,14102,14938,14335,46510
2,13.0045929,77.60059937,MG Road,122000,11540,11830,13341,13769,14909,15579,15272,46560
2,13.00460121,77.59977028,Malleshwaram,95000,8720,9036,9987,10336,13889,13381,11892,46754
2,13.00566859,77.60143977,Hebbal,90000,9826,10601,11539,12075,13922,14999,14233,46478
2,13.00594513,77.60088986,Hebbal,120000,8625,9092,10286,10882,12943,13301,12557,46424
2,13.00595067,77.60033713,Malleshwaram,122000,9326,10083,11922,12217,13461,14233,13619,46402
2,13.00541975,77.59922601,Malleshwaram,94800,9137,9674,11036,11741,13411,14157,13727,46480
2,13.00460674,77.59921754,Malleshwaram,105200,9278,9837,10940,11418,16610,15488,13551,46822
2,13.00595621,77.5997844,Malleshwaram,120000,8520,9106,10785,11414,13542,14354,13695,46456
2,13.00515705,77.59839409,Malleshwaram,95000,9158,9893,11368,12337,13956,14917,13971,46451
2,13.00514598,77.59949956,Malleshwaram,120000,9105,9880,11139,11819,13533,13900,13103,46534
2,13.00704021,77.59979569,Hebbal,95000,10342,11031,12377,13093,14735,14731,13823,46284
2,13.00650652,77.59896094,Malleshwaram,105200,11662,12460,14008,15028,16630,19580,19396,46304
2,13.00649267,77.60034278,Hebbal,97000,9144,9697,11123,11459,13142,14493,14015,46416
2,13.00648713,77.60089552,Hebbal,95000,9415,9987,11279,12023,13625,14486,13725,46427
2,13.00621613,77.60089269,Hebbal,100400,9552,10354,11600,12702,14608,14697,13141,46450
2,13.00621059,77.60144542,Hebbal,95000,9443,10078,11342,12003,13798,13992,13049,46496
2,13.00513213,77.60088139,MG Road,95000,9473,10215,11242,12228,14123,14720,13437,46527
2,13.00569075,77.59922884,Malleshwaram,94800,9284,9911,11205,11940,13712,13976,13114,46457
2,13.003278,77.6235261,Indiranagar,100400,8856,9275,10207,10641,13436,13604,12575,46208
2,13.00436757,77.62298478,Indiranagar,94800,9000,9514,10780,11576,12857,14035,13494,46215
2,13.00437595,77.6221557,Indiranagar,150000,9818,10346,11826,12678,15265,15415,14066,46161
2,13.00271365,77.62573127,Indiranagar,97000,8576,8917,9539,9449,12912,11573,10477,46205
2,13.00162967,77.62571986,Indiranagar,97000,9324,9993,10527,11000,13596,12528,11966,46132
2,13.00217725,77.62517285,Indiranagar,95000,9342,10015,11406,12568,15226,15535,14356,46225
2,13.00029985,77.62321841,Indiranagar,90000,8627,9143,10065,10487,12849,12578,11792,45994
2,13.00379763,77.62574268,Indiranagar,100400,9143,9546,10650,11076,14953,14304,12438,46065
2,13.00352943,77.62546347,Indiranagar,100400,9006,9506,10484,11182,15020,14379,12683,46059
2,13.00460782,77.62602759,Indiranagar,97000,9273,9987,10840,11323,14690,13861,12393,46076
2,13.00459943,77.62685667,Indiranagar,100000,9060,9515,10445,11271,13407,13503,12316,46445
2,13.00432843,77.62685382,Indiranagar,111450,9364,9644,11011,11434,13930,14111,13246,46487
2,13.00488161,77.62575408,Indiranagar,100400,9748,10296,11548,12104,13954,14195,13163,46026
2,13.0048872,77.62520136,Indiranagar,97000,8831,9332,10527,11398,13388,14063,13089,45990
2,13.00514981,77.6260333,Indiranagar,97000,8932,9339,10678,11587,13600,14507,13601,46078
2,13.005161,77.62492785,Indiranagar,94800,9087,9708,11019,11582,14203,14528,13438,46101
2,13.00571137,77.62410447,Indiranagar,100000,9208,9607,10470,11074,13122,14101,13184,46170
2,13.00517497,77.62354605,Indiranagar,100400,9157,9695,10992,11783,13459,13991,13177,46232
2,13.00517777,77.62326969,Indiranagar,95000,8923,9541,10843,11414,12875,13489,12611,46231
2,13.00463019,77.62381671,Indiranagar,105200,8911,9424,10861,11745,14117,14513,13325,46206
2,13.00625616,77.62383381,Indiranagar,95000,9519,10089,11268,11955,13777,14207,13614,46145
2,13.00599075,77.62327824,Indiranagar,100400,8618,9164,10266,11121,13781,14370,12978,46259
2,13.00545435,77.62271981,Indiranagar,94800,9991,10794,12183,13409,15475,15800,14655,46219
2,13.00570019,77.62520992,Indiranagar,90000,9029,9683,11106,11609,13916,13682,12233,46085
2,13.00624777,77.6246629,Indiranagar,95000,9144,9633,10663,11578,13793,13861,12808,46007
2,13.00372352,77.5516678,Rajajinagar,94800,8713,9463,10656,11370,13627,14620,13141,46377
2,13.00345794,77.55111228,Rajajinagar,94800,9438,9971,11304,11937,13844,14396,13511,46345
2,13.00264491,77.55110397,Rajajinagar,100000,9361,10043,11157,12097,13725,13557,12644,46024
2,13.00182916,77.55137203,Rajajinagar,95000,8136,9036,10088,10973,13369,13397,12086,46055
2,13.00211103,77.55026931,Rajajinagar,120000,8936,9347,10206,10575,12354,12892,12293,46117
2,13.00265577,77.54999847,Rajajinagar,120000,9509,9806,11641,11494,13098,13146,12554,46194
2,13.00292678,77.55000124,Rajajinagar,100400,8927,9976,11015,12056,12805,13885,12318,46171
2,13.00452296,77.553058,Rajajinagar,100400,9594,10455,11694,12764,15365,15461,14660,46395
2,13.00398365,77.55277607,Rajajinagar,105200,8708,9476,10807,11406,13983,14255,12090,46462
2,13.00290505,77.55221224,Rajajinagar,111450,9142,9809,11124,11830,14437,14094,13058,46258
2,13.00130072,77.54998462,Rajajinagar,95000,9712,10611,11995,12841,14359,15592,14885,46155
2,13.00103785,77.54915274,Rajajinagar,95000,8972,9311,9939,10317,12662,12804,11479,46085
2,13.00453927,77.55139974,Rajajinagar,122000,8995,9504,10915,11334,13048,13392,12682,46182
2,13.00262588,77.55303859,Rajajinagar,95000,9078,9592,10530,11437,13209,14401,13498,46233
2,13.00370177,77.5538788,Rajajinagar,100000,8662,8946,10222,10280,13124,12831,11667,46450
2,13.00397006,77.55415795,Rajajinagar,122000,9114,9631,10660,11562,13432,14269,13325,46211
2,13.00288873,77.55387048,Rajajinagar,120000,8840,9379,10541,10948,13319,13105,12369,46406
2,13.00208386,77.55303304,Rajajinagar,95000,8527,9184,9799,10385,12471,12656,11659,46240
2,13.00507042,77.55251079,Rajajinagar,97000,8673,9297,10127,10737,13695,12497,11220,46091
2,13.00478309,77.55416627,Rajajinagar,97000,8284,8624,9602,9744,14903,13048,11540,46148
2,13.00458271,77.54697771,Rajajinagar,122000,8967,9635,10768,11276,13988,14129,12221,45951
2,13.00349324,77.5475194,Rajajinagar,105200,8830,9328,10609,11041,13444,13457,12449,46492
2,13.00295935,77.54668474,Rajajinagar,111450,9117,9403,10393,10886,13650,13804,12727,46373
2,13.00378323,77.54558753,Rajajinagar,97000,9129,9879,11270,11890,14666,14193,13252,46247
2,13.00377781,77.54614028,Rajajinagar,111450,9489,10023,11467,12218,14275,14588,13053,46347
2,13.00323579,77.54613475,Rajajinagar,105200,9740,10167,11500,12103,14103,14204,13055,46300
2,13.00430084,77.54808045,Rajajinagar,120000,8971,9575,10870,11239,13263,13183,12376,46093
2,13.00267206,77.54834022,Rajajinagar,150000,8587,8992,11077,11198,14149,13569,12620,46259
2,13.00538489,77.54809152,Rajajinagar,100400,8660,9320,10272,10945,13596,13196,11854,46165
2,13.00566404,77.54726516,Rajajinagar,95000,9326,9829,10967,11527,12949,13428,12850,46123
2,13.00539846,77.54670963,Rajajinagar,94800,8793,9684,11037,11666,13121,13909,13024,46352
2,13.00730368,77.54589986,Rajajinagar,111450,8679,9284,10404,10754,12850,13067,12482,46156
2,13.00785384,77.54507625,Rajajinagar,105200,9302,9705,10689,10910,13154,13153,12425,46107
2,13.00649607,77.5453388,Rajajinagar,94800,8845,9454,10706,11292,13470,14670,13996,46319
2,13.00595675,77.54505689,Rajajinagar,122000,9002,9653,10552,10998,13438,13408,12484,46094
2,13.00677792,77.54423604,Rajajinagar,94800,8667,9303,10406,10880,13418,12506,11346,46174
2,13.00755841,77.54756091,Rajajinagar,100000,9156,9803,10072,10912,13423,13531,12292,46410
2,13.00675352,77.54672346,Rajajinagar,90000,8560,9204,10253,10734,12481,13137,12344,46276
2,13.00649821,77.59979004,Malleshwaram,105200,9016,9548,10732,11182,12892,13700,13361,46328
2,13.00622998,77.59951085,Malleshwaram,95000,8961,9737,11058,11719,13249,14160,13616,46323
2,13.00650375,77.59923731,Malleshwaram,95000,9751,10380,11472,11930,14015,15023,14444,46313
2,13.00464416,77.62243491,Indiranagar,111450,9435,10022,11182,12065,14612,14815,13439,46157
2,13.00518615,77.6224406,Indiranagar,120000,9133,9758,10942,11694,13992,14143,12865,46193
2,13.00491794,77.62216139,Indiranagar,100000,9210,9407,10589,11069,13928,14500,13329,46112
2,13.00463577,77.62326399,Indiranagar,111450,9175,9778,11200,11774,13595,14065,13037,46200
2,13.00382558,77.62297908,Indiranagar,111450,9588,10106,11577,12290,13651,14681,13987,46360
2,13.00355179,77.62325259,Indiranagar,90000,8606,9041,10182,10538,13430,13257,12259,46291
2,13.00408261,77.62436373,Indiranagar,90000,9119,9598,10808,11733,14288,14246,12880,45962
2,13.00434801,77.6249193,Indiranagar,150000,8384,8883,9804,10420,13680,13153,11970,46067
2,13.00489559,77.62437228,Indiranagar,95000,8789,9557,10719,11418,14939,14758,13093,46139
2,13.00410216,77.62242921,Indiranagar,95000,9208,9812,11034,11458,13805,13838,12992,46378
2,13.00410775,77.62187649,Indiranagar,150000,9260,10005,11357,12394,15402,14726,13093,46169
2,13.00353503,77.62491075,Indiranagar,105200,8656,9387,10322,10954,14568,13152,11310,45846
2,13.00354062,77.62435803,Indiranagar,97000,8297,8935,9939,10554,13534,13206,11837,45872
2,13.00380043,77.62546632,Indiranagar,105200,8860,9255,10259,10799,14492,13733,12042,46028
2,13.00461062,77.62575123,Indiranagar,120000,9011,9587,10776,11219,14511,13943,12639,46019
2,13.00457457,77.54780684,Rajajinagar,120000,8552,9146,10317,10707,13430,13038,11895,45975
2,13.00430084,77.54808045,Rajajinagar,94800,8971,9575,10870,11239,13263,13183,12376,46093
2,13.00402983,77.54807768,Rajajinagar,100000,8421,9137,10344,11213,14018,14095,12893,46168
2,13.00430627,77.5475277,Rajajinagar,100000,8771,9502,10582,11318,13154,14328,13017,46012
2,13.00403797,77.54724855,Rajajinagar,122000,9798,10594,11672,12303,14724,14264,13291,46046
2,13.00623828,77.59868175,Malleshwaram,100400,11385,11814,13377,13888,14988,16299,15623,46443
2,13.00596452,77.59895529,Malleshwaram,95000,10267,10807,11971,12676,14088,15070,14157,46398
2,13.00569351,77.59895247,Malleshwaram,150000,9908,10469,11783,12449,13635,14473,13609,46404
2,13.00515428,77.59867046,Malleshwaram,94800,9330,10029,11382,12122,13392,14171,13670,46472
2,13.00515151,77.59894682,Malleshwaram,122000,8687,9424,10663,11367,13056,13727,13110,46475
3,13.00043604,77.55522738,Rajajinagar,79300,8972,9515,10910,11203,12358,13124,12808,46126
3,12.99962029,77.55549542,Rajajinagar,71700,8923,9538,10376,11250,12668,13642,12485,46200
3,13.00096718,77.55633841,Rajajinagar,80000,9562,10306,11237,12291,14140,13874,12837,45999
3,12.99934112,77.55632176,Rajajinagar,59000,9157,9808,11088,11737,13132,13747,12928,46261
3,13.00097806,77.55523293,Rajajinagar,80000,9029,9610,10959,11396,12491,13310,12714,46039
3,12.97758146,77.53647647,Rajajinagar,53700,8328,9003,10386,10831,12328,13184,12384,46418
3,12.97703943,77.53647098,Rajajinagar,55900,9148,9798,11363,12008,13758,14275,13550,46495
3,12.97729966,77.53757912,Rajajinagar,81500,9237,9998,11462,12258,13329,14275,13534,46277
3,12.97676302,77.53702092,Rajajinagar,87300,9114,9732,10827,11751,13249,14915,14245,46314
3,12.97622908,77.53618638,Rajajinagar,50000,9193,9823,11062,11845,13471,13922,12996,46564
3,12.97813966,77.53482387,Rajajinagar,80000,9274,10075,10960,11477,13332,14363,13819,46317
3,12.97759763,77.53481837,Rajajinagar,59000,9457,10120,11161,11655,12841,13403,12957,46520
3,12.9754322,77.53452005,Rajajinagar,70000,8971,9294,10609,10637,13743,13279,12727,46582
3,12.97624255,77.53480464,Rajajinagar,79300,8743,9322,10875,11466,14104,13764,12392,46490
3,12.97652973,77.53314929,Rajajinagar,72010,8772,9386,10748,11302,12862,14192,13684,46330
3,12.97300653,77.53311361,Rajajinagar,55900,8902,9552,10689,11559,13819,15717,14306,46345
3,12.9727409,77.53255817,Rajajinagar,72400,9226,9874,10968,11785,14161,14704,12933,46284
3,12.97246988,77.53255543,Rajajinagar,72010,9112,9660,10865,11476,13485,14007,13099,46294
3,12.97138582,77.53254445,Rajajinagar,50000,9005,9456,10789,11337,13263,13471,12623,46360
3,12.97084917,77.53198628,Rajajinagar,79300,8924,9655,10882,11704,13374,14686,13718,46430
3,12.97272474,77.53421624,Rajajinagar,72400,8727,9463,10735,11217,12950,13145,11743,46184
3,12.97190631,77.53476069,Rajajinagar,87300,9117,9801,11033,12266,13602,13721,12718,46058
3,12.97326408,77.53449808,Rajajinagar,50900,9258,9832,11145,11862,13593,14068,13475,46542
3,12.9740879,77.53340093,Rajajinagar,79300,9196,9933,11348,11897,14328,14438,12761,46401
3,12.97409866,77.53229554,Rajajinagar,50000,8967,9625,10633,11170,12759,12940,11955,46332
3,12.97436968,77.53229829,Rajajinagar,87300,8513,9118,10008,10594,12284,13047,11857,46387
3,12.97136698,77.53447886,Rajajinagar,72400,9171,9599,10451,10939,13748,13893,13544,46092
3,12.99962573,77.55494268,Rajajinagar,59000,9146,9786,11086,11768,13368,13535,12826,46199
3,12.99935472,77.55493991,Rajajinagar,62000,9202,10029,11099,11877,13754,14234,13530,46200
3,13.00205121,77.55634952,Rajajinagar,55900,8895,9522,10826,11296,12573,13156,12375,45990
3,13.00122457,77.55772304,Rajajinagar,62000,9106,9727,11101,11747,13034,13623,12930,46204
3,13.00177476,77.55689948,Rajajinagar,50000,8707,9470,10551,11263,13155,13388,12549,46004
3,13.00259596,77.55607869,Rajajinagar,78900,8965,9543,10831,11409,12521,13190,12509,45990
3,13.00258779,77.55690781,Rajajinagar,70000,8847,9615,10619,11361,12782,13239,12242,45978
3,13.00257417,77.55828968,Rajajinagar,87300,9556,10220,12050,12706,14424,15539,14664,46202
3,13.00230316,77.5582869,Rajajinagar,50900,8963,9688,10777,11419,13183,14246,13125,46199
3,13.00285335,77.55746334,Rajajinagar,87300,9020,9518,10902,11621,13346,13481,12407,46132
3,13.0028588,77.55691059,Rajajinagar,72400,9430,10062,11273,11945,13482,13521,12836,45968
3,13.00286152,77.55663422,Rajajinagar,59000,8888,9532,10875,11627,12977,13834,13081,45964
3,13.00151192,77.55606759,Rajajinagar,72010,9320,9865,11052,11600,13169,13766,13072,45992
3,13.00204032,77.557455,Rajajinagar,50000,8615,9267,11005,11415,13220,13407,12505,46153
3,13.00175842,77.55855771,Rajajinagar,72010,9704,10221,11120,11532,12871,13118,12579,46219
3,13.00067166,77.55882297,Rajajinagar,50000,9202,9882,10889,11827,12914,13873,13257,46141
3,12.99959307,77.55825912,Rajajinagar,80000,9102,9607,11060,11795,13066,14558,13667,46373
3,12.98660155,77.61091418,MG Road,51100,9596,10316,11584,12511,14036,15022,14093,46763
3,12.9866071,77.61036149,MG Road,62000,9054,9921,11354,12021,13199,14343,13884,46803
3,12.98740621,77.61175171,MG Road,72010,9076,9628,10787,11351,12638,13751,13335,46763
3,12.9882192,77.61176021,MG Road,79300,9627,10484,11773,12579,14016,15172,14625,46881
3,12.98850131,77.61065766,MG Road,58500,9154,9772,10948,11666,12805,14081,13687,46711
3,12.98796487,77.6100993,MG Road,50000,9293,9860,10981,11636,13017,13797,13070,46553
3,12.98769109,77.61037282,MG Road,72010,8768,9303,10277,11069,12251,13497,13188,46801
3,12.98714354,77.61091984,MG Road,72400,9550,10055,11036,11615,12985,14790,14495,46949
3,12.98794543,77.61203372,MG Road,50000,8942,9543,10655,11454,12633,14053,13640,46520
3,12.98848464,77.61231573,MG Road,50000,9420,10084,11349,12288,13454,14114,13547,46638
3,12.98902664,77.6123214,MG Road,78900,9116,9675,10571,11496,12870,14486,13961,46590
3,12.98957419,77.61177437,MG Road,50000,9059,9514,10679,10974,12360,13260,13149,46515
3,12.98930875,77.61121885,MG Road,79300,9425,10042,11289,11915,13228,14296,13526,46518
3,12.98849576,77.61121035,MG Road,62000,9577,10109,11193,11785,13373,14727,14270,46876
3,12.98822476,77.61120752,MG Road,59000,9868,10637,11483,12113,13784,14984,14116,46974
3,12.98087674,77.53208781,Rajajinagar,53700,9614,10382,11637,12267,13676,14138,13664,46622
3,12.98059765,77.53291412,Rajajinagar,53700,9381,9683,11313,11574,13717,14276,13280,46865
3,12.98032933,77.53263502,Rajajinagar,80000,9298,9995,11081,12073,13159,13413,12460,46691
3,13.00041971,77.5568856,Rajajinagar,68350,10378,10999,12538,13083,14322,13850,13108,46132
3,13.00095084,77.55799664,Rajajinagar,55900,8924,9517,10933,11692,13543,14446,13350,46183
3,13.00123274,77.55689393,Rajajinagar,52000,9100,9813,11365,11909,12842,12928,12550,46009
3,13.00014053,77.55771194,Rajajinagar,58500,8448,8737,9861,9924,12609,12434,11743,46192
3,12.99988314,77.55632731,Rajajinagar,80000,9239,9687,11094,11310,13320,13541,12623,46158
3,13.00069889,77.55605926,Rajajinagar,62000,9681,10173,11446,12051,13973,14547,13731,46112
3,12.99988858,77.55577457,Rajajinagar,51100,10175,10791,12041,12837,14452,13859,13334,46165
3,12.99987497,77.55715642,Rajajinagar,50900,8736,9318,10236,10758,12361,12565,12067,46375
3,13.00013236,77.55854104,Rajajinagar,81500,9586,10250,11616,12325,13516,13701,12972,46314
3,12.99987225,77.55743279,Rajajinagar,55900,8923,9603,10620,11199,12948,13705,12915,46383
3,12.99933295,77.55715087,Rajajinagar,87300,9231,9763,10955,11446,13260,13663,12572,46527
3,13.0003952,77.55937293,Rajajinagar,59000,8834,9574,10897,11550,12815,13412,12615,46082
3,13.00228954,77.55966876,Malleshwaram,71700,8990,9767,11187,11693,12914,13331,12675,46213
3,13.00283973,77.5588452,Malleshwaram,50000,9526,10378,11594,12424,13510,14069,13243,46213
3,13.00174207,77.56021594,Malleshwaram,72400,9348,9992,11024,11702,12936,13773,12918,46174
3,12.99858592,77.57787279,Malleshwaram,62000,9340,9854,11029,11659,12710,13941,13608,46376
3,12.9983204,77.57731726,Malleshwaram,55900,8969,9509,10499,11058,12259,13161,12550,46371
3,12.99777839,77.57731167,Malleshwaram,80000,8790,9436,10609,11285,12684,13579,12908,46281
3,12.99751013,77.57703251,Malleshwaram,79300,8849,9452,10477,11081,12277,12990,12427,46293
3,12.99722815,77.57813516,Malleshwaram,72010,8748,9502,10465,11225,12940,13066,12478,46298
3,12.99804117,77.57814355,Malleshwaram,59000,8312,8906,9942,10291,12478,13136,12575,46302
3,12.99885418,77.57815195,Malleshwaram,72400,9002,9486,10319,10757,12693,13518,13051,46359
3,12.99804665,77.57759083,Malleshwaram,50900,8924,9493,10621,11009,13167,13194,12588,46289
3,12.99940443,77.57732846,Malleshwaram,58500,8303,8917,9788,10334,12463,12695,11603,46036
3,12.99832589,77.57676453,Malleshwaram,70000,9396,10055,11235,11886,13037,13490,13044,46505
3,12.99778388,77.57675894,Malleshwaram,70000,8841,9445,10379,10994,12361,13403,12902,46227
3,12.99724187,77.57675335,Malleshwaram,58500,8843,9456,10482,11082,12278,12989,12321,46231
3,12.99723364,77.57758243,Malleshwaram,55900,8781,9480,10697,11228,13061,12992,12206,46273
3,12.99777565,77.57758803,Malleshwaram,72400,8805,9495,10539,11210,12749,13753,12903,46263
3,12.99857769,77.57870188,Malleshwaram,87300,9389,10074,11205,12218,13580,14451,13379,46393
3,12.99939894,77.57788119,Malleshwaram,81500,9074,9799,10839,11486,12487,13575,12933,45986
3,12.99912793,77.57787839,Malleshwaram,58500,9398,9758,11028,11199,12369,12826,12984,46031
3,12.99830668,77.57869908,Malleshwaram,59000,9603,10443,11876,12799,13840,14499,13555,46385
3,12.99831217,77.57814635,Malleshwaram,53700,8870,9479,10658,11238,12951,13692,12876,46363
3,12.99803568,77.57869628,Malleshwaram,68350,9029,9699,11104,11729,13093,13587,13005,46343
3,12.99749641,77.57841432,Malleshwaram,67020,8691,9544,10724,11325,13471,13010,11978,46273
3,12.99695714,77.57813236,Malleshwaram,50000,9709,10473,11956,12532,13559,14157,13866,46351
3,12.99886516,77.57704649,Malleshwaram,51100,9206,9757,10726,11162,12282,13333,12656,46150
3,12.99913891,77.57677293,Malleshwaram,50900,9485,10084,10944,11430,13282,13681,12905,46165
3,12.99939345,77.57843391,Malleshwaram,50900,8324,9164,10405,11049,12352,13658,12753,45995
3,12.9991197,77.57870748,Malleshwaram,58500,8911,9893,11058,12192,13433,13346,12468,46053
3,12.99884595,77.57898104,Malleshwaram,53700,8524,9117,10398,11068,12579,13236,12440,46347
3,12.96900049,77.60934862,MG Road,80000,9428,9971,11155,11866,13530,14451,13741,46546
3,12.96927704,77.6087988,MG Road,72010,8692,9268,10527,11180,12296,13380,13051,46659
3,12.96900881,77.60851965,MG Road,79300,9081,9567,10625,11117,12159,13183,12759,46634
3,12.96874058,77.6082405,MG Road,81500,9425,9901,10937,11384,12869,13430,12549,46483
3,12.96847512,77.60768502,MG Road,55900,9608,10280,11380,11861,13651,14678,14033,46492
3,12.9681875,77.60934014,MG Road,50000,8768,9508,10550,11210,12631,13513,12571,46433
3,12.96791927,77.60906099,MG Road,72400,8587,9276,10636,11352,12747,13376,12603,46398
3,12.96819858,77.60823485,MG Road,72400,9121,9713,10705,11360,12361,13775,13121,46455
3,12.96846681,77.608514,MG Road,80000,9527,10088,11176,11707,13227,14091,13530,46420
3,12.9687295,77.60934579,MG Road,80000,9140,9888,11036,11774,12636,13855,13215,46503
3,12.96873227,77.60906947,MG Road,79300,9092,9761,11188,11747,12654,13862,13795,46473
3,12.96982181,77.60852812,MG Road,70000,8544,8983,10331,10756,13856,13477,12483,46646
3,12.96954249,77.60935427,MG Road,50000,8928,9720,11007,11745,13297,14434,13627,46583
3,12.96926872,77.60962777,MG Road,79300,8540,9206,10492,11233,14206,14807,13381,46659
3,12.96954804,77.60880162,MG Road,50000,8502,9209,10278,11135,12898,13432,12472,46663
3,12.96928535,77.60796982,MG Road,59000,8997,9619,10264,11102,12942,13362,12129,46810
3,12.96764827,77.60905817,MG Road,52000,8664,9293,10477,11389,12958,13926,12838,46538
3,12.96929089,77.60741717,MG Road,71700,9378,9860,10871,11471,12747,14240,13412,46860
3,12.96875166,77.6071352,MG Road,80000,8839,9411,10615,11451,12925,14268,13473,46555
3,12.96983843,77.60687017,MG Road,87300,8410,8893,9817,10127,12177,12576,11842,46761
3,12.99803293,77.57897264,Malleshwaram,67020,9317,9910,11186,11743,13011,13814,13199,46326
3,12.99749092,77.57896705,Malleshwaram,53700,8822,9440,10774,11384,13129,13865,13380,46417
3,12.99748818,77.57924341,Malleshwaram,52000,8792,9235,10518,10928,12971,13534,12910,46452
3,12.99775918,77.57924621,Malleshwaram,51100,8983,9668,10905,11686,12934,13885,12951,46463
3,12.99803019,77.57924901,Malleshwaram,51100,9094,9736,10957,11460,12864,13742,13096,46337
3,12.9969544,77.57840872,Malleshwaram,80000,8859,9509,10925,11578,12645,13749,13324,46377
3,12.99696263,77.57757964,Malleshwaram,70000,8971,9583,10687,11286,12450,13239,12782,46307
3,12.99696812,77.57702691,Malleshwaram,59000,8981,9619,10609,11104,12340,13200,12679,46334
3,12.97544028,77.53369101,Rajajinagar,80000,8693,9564,10485,11059,12725,13072,12066,46797
3,12.97624794,77.53425194,Rajajinagar,72010,9211,9851,11087,11624,13054,13700,13212,46496
3,12.97625333,77.53369924,Rajajinagar,81500,8883,9552,10757,11287,12784,13164,12324,46415
3,12.97597423,77.53452554,Rajajinagar,72010,8818,9573,10583,11293,12658,13493,12890,46509
3,12.97651626,77.53453104,Rajajinagar,78900,8863,9643,10663,11282,13722,13189,12044,46485
3,12.97652165,77.53397834,Rajajinagar,78900,8681,9324,10411,10927,13496,13560,12688,46465
3,12.97625063,77.53397559,Rajajinagar,55900,9090,9721,11086,11583,13123,13330,12635,46491
3,12.97355125,77.53284275,Rajajinagar,80000,9656,10451,11328,12380,14245,14031,12833,46292
3,12.97355932,77.53201371,Rajajinagar,55900,9012,9711,11035,11759,14106,14285,12429,46231
3,12.97301729,77.53200822,Rajajinagar,59000,8960,9179,10232,10566,13655,13272,12503,46285
3,12.97409328,77.53284824,Rajajinagar,68350,9084,9847,10746,11701,13800,14216,12760,46388
3,12.97382496,77.53256915,Rajajinagar,87300,9572,9917,12252,13015,14660,15875,14586,46273
3,12.9713912,77.53199176,Rajajinagar,68350,9084,9642,10847,11555,13287,13729,12833,46339
3,12.97219617,77.53282903,Rajajinagar,70000,9395,10229,11797,12583,13805,14068,13415,46328
3,12.97298768,77.53504802,Rajajinagar,67020,9607,10332,12004,12800,14246,14706,13925,46446
3,12.97271667,77.53504528,Rajajinagar,80000,8955,9673,10940,11568,15126,14531,13359,46048
3,12.97190362,77.53503704,Rajajinagar,52000,9443,10283,11642,12425,13600,13962,13102,45977
3,12.98033471,77.53208232,Rajajinagar,72400,9294,9976,11143,12035,13460,14383,13512,46630
3,12.97704482,77.53591828,Rajajinagar,78900,8285,9003,10242,10832,12987,13512,12611,46455
3,12.9767765,77.53563918,Rajajinagar,79300,8234,8844,10276,11322,12930,13162,12070,46462
3,12.97650548,77.53563643,Rajajinagar,87300,8748,9271,10934,11375,13256,13176,12520,46482
3,12.97676841,77.53646823,Rajajinagar,78900,9064,9782,11030,11690,12912,13597,13141,46533
3,12.97786595,77.53509747,Rajajinagar,87300,9311,9935,10884,11530,12922,13169,12610,46481
3,12.97784708,77.53703192,Rajajinagar,67020,8857,9648,10775,11216,13482,13219,12520,46197
3,12.97787403,77.53426842,Rajajinagar,72010,8601,9121,10331,10663,13117,13550,12690,46214
3,12.97328024,77.53284,Rajajinagar,50900,10279,11161,12197,13422,15338,14724,13292,46304
3,12.97381957,77.53312184,Rajajinagar,52000,9490,10071,11791,12619,14189,14837,13967,46304
3,12.97327485,77.5333927,Rajajinagar,80000,9489,10240,11463,12207,13772,14277,13395,46304
3,12.99777291,77.57786439,Malleshwaram,68350,8913,9494,10852,11124,12577,12785,12291,46257
3,12.9975019,77.57786159,Malleshwaram,87300,8733,9354,10620,10960,13226,13050,12455,46245
3,12.99723089,77.5778588,Malleshwaram,78900,9044,9645,10903,11395,12635,13175,12429,46274
3,12.99669163,77.57757684,Malleshwaram,80000,8639,9375,10401,10897,12198,13157,12527,46341
3,12.99642337,77.57729768,Malleshwaram,50000,8677,9325,10799,11176,12308,13547,13066,46395
3,12.99723638,77.57730607,Malleshwaram,72010,8894,9447,10755,11161,12444,12706,12317,46290
3,12.99751013,77.57703251,Malleshwaram,68350,8849,9452,10477,11081,12277,12990,12427,46293
3,12.99832315,77.5770409,Malleshwaram,58500,9155,9838,10726,11479,12501,13263,12661,46388
3,12.96901158,77.60824332,MG Road,58500,9066,9526,10446,11169,12696,13524,12791,46651
3,12.96928258,77.60824615,MG Road,50000,9068,9627,10597,11203,12758,13845,13142,46687
3,12.96847235,77.60796135,MG Road,80000,9043,9433,10627,11079,13274,13785,13144,46481
3,12.96901435,77.607967,MG Road,87300,9469,9967,11024,11313,12421,13766,13447,46726
3,12.99749641,77.57841432,Malleshwaram,51100,8691,9544,10724,11325,13471,13010,11978,46273
3,12.99749367,77.57869068,Malleshwaram,50000,8839,9683,10931,11764,13591,14341,13331,46299
3,12.99749092,77.57896705,Malleshwaram,68350,8822,9440,10774,11384,13129,13865,13380,46417
3,12.99721992,77.57896425,Malleshwaram,55900,8639,9230,10487,10916,12654,12956,12041,46434
3,12.99777016,77.57814076,Malleshwaram,72010,8261,9016,10166,10702,12748,13198,12694,46268
3,12.99669437,77.57730048,Malleshwaram,81500,8880,9633,10782,11490,12846,13527,12856,46351
3,12.99723638,77.57730607,Malleshwaram,72400,8894,9447,10755,11161,12444,12706,12317,46290
3,12.98902942,77.61204505,MG Road,71700,9025,9626,10856,11454,12517,13688,13123,46590
3,12.98903498,77.61149236,MG Road,78900,9062,9642,10942,11568,12954,13806,13372,46723
3,12.98876398,77.61148953,MG Road,80000,9081,9844,11254,11949,13009,14193,13820,46778
3,12.9884902,77.61176304,MG Road,80000,9755,10634,12149,12981,14181,15578,14694,46828
3,12.98903775,77.61121601,MG Road,68350,9666,10347,11598,12128,13155,14035,13487,46738
3,12.98876953,77.61093683,MG Road,71700,9298,10027,11041,11957,14069,16306,15676,46674
3,12.98849853,77.610934,MG Road,50900,9227,9845,10978,11745,13001,14353,13760,46736
3,12.98877231,77.61066049,MG Road,55900,8939,9426,10617,11118,12410,13964,13483,46664
3,12.98850131,77.61065766,MG Road,71700,9154,9772,10948,11666,12805,14081,13687,46711
3,12.98849576,77.61121035,MG Road,72400,9577,10109,11193,11785,13373,14727,14270,46876
3,12.98823031,77.61065483,MG Road,62000,9166,9704,10834,11511,13224,14341,13749,46770
3,12.98796209,77.61037565,MG Road,50000,9030,9523,10458,10979,12097,13581,13070,46733
3,12.98823309,77.61037848,MG Road,51100,9366,9970,10946,11706,13223,14815,14437,46714
3,12.98930875,77.61121885,MG Road,79300,9425,10042,11289,11915,13228,14296,13526,46518
3,12.98930597,77.61149519,MG Road,59000,9057,9771,10822,11618,13077,13944,13144,46512
3,12.9890322,77.61176871,MG Road,71700,9209,9879,11273,11938,13174,14122,13654,46714
3,12.98930042,77.61204789,MG Road,55900,9192,9789,10854,11579,12955,14214,13654,46593
3,12.98875564,77.61231856,MG Road,50900,9379,10070,11349,11943,13041,14095,13523,46609
3,12.98821642,77.61203655,MG Road,81500,9425,10149,11426,12161,13406,15016,14630,46709
3,12.9879482,77.61175737,MG Road,80000,9333,9975,11215,11911,13169,14429,13781,46692
3,12.98822198,77.61148386,MG Road,80000,9474,10058,11309,11673,13267,14617,14173,46931
3,12.98642203,77.60179199,MG Road,78900,9277,9801,11090,11718,13088,14319,14281,46440
3,12.98641649,77.60234468,MG Road,55900,8905,9629,10694,11363,12115,12920,12418,46409
3,12.98614826,77.60206551,MG Road,78900,9004,9501,10653,11119,12476,13560,13084,46381
3,12.98587173,77.60261538,MG Road,51100,9053,9657,10681,11197,12687,13613,13055,46446
3,12.98641373,77.60262102,MG Road,79300,8950,9585,10573,11344,12410,13491,12969,46443
3,12.98640819,77.60317371,MG Road,52000,8748,9490,10554,11225,11861,12613,12193,46505
3,12.98586619,77.60316807,MG Road,52000,8733,9270,10335,10731,12256,13399,13208,46538
3,12.98586342,77.60344441,MG Road,50900,8828,9470,10657,11265,12508,13916,13391,46721
3,12.98585788,77.6039971,MG Road,72400,8860,9443,10157,10615,11911,13076,12670,47000
3,12.98639988,77.60400275,MG Road,55900,9095,9824,10769,11652,12820,14134,13520,46706
3,12.98640542,77.60345006,MG Road,53700,9538,10182,11174,11661,13554,15217,14828,46541
3,12.98639434,77.60455544,MG Road,72010,9495,9880,10754,11311,12720,13989,13958,46804
3,12.98585511,77.60427344,MG Road,72400,9567,10301,11017,11743,13117,14371,14112,47077
3,12.98615103,77.60178916,MG Road,67020,9239,9914,11008,11637,12965,14203,13559,46440
3,12.98668196,77.60290019,MG Road,68350,8985,9603,10718,11348,12325,13617,13180,46477
3,12.99490505,77.6206743,MG Road,52000,8734,9373,10725,11405,12929,14135,13438,46379
3,12.99517605,77.62067715,MG Road,72400,8555,9175,10376,10958,12885,13512,12735,46350
3,12.99544146,77.62123269,MG Road,72400,8996,9722,10821,11513,13569,14142,13364,46116
3,12.99489947,77.621227,MG Road,50000,9112,9893,11152,11888,13412,14440,13803,46447
3,12.99489389,77.6217797,MG Road,72400,8914,9529,10607,11156,12722,13394,12808,46198
3,12.99543588,77.6217854,MG Road,59000,8633,9282,10319,10935,12643,13018,12492,46158
3,12.9951621,77.6220589,MG Road,80000,8748,9501,10664,11656,13769,15190,14292,46460
3,12.9948911,77.62205605,MG Road,55900,8574,9213,10602,11434,13275,14112,13272,46487
3,12.99488831,77.6223324,Indiranagar,68350,8543,9072,10499,11363,13138,14336,13347,46506
3,12.99515652,77.6226116,Indiranagar,72010,9098,9742,10856,11483,13262,14198,13473,46519
3,12.99515652,77.6226116,Indiranagar,70000,9098,9742,10856,11483,13262,14198,13473,46519
3,12.99488552,77.62260875,Indiranagar,52000,9069,9730,10828,11577,12860,13670,13125,46530
3,12.96819304,77.6087875,MG Road,78900,8282,8947,10170,10929,12557,13487,12767,46370
3,12.96900327,77.6090723,MG Road,79300,9167,9908,11115,11883,12905,13576,12944,46516
1,13.01155841,77.60868764,Hebbal,43400,9382,9898,11222,11730,13491,14542,14097,46966
1,13.01155563,77.60896401,Hebbal,30000,8823,9304,10476,11080,14100,14941,14113,46982
1,13.01128463,77.60896118,Hebbal,30000,9517,10166,11368,12096,13668,15110,14520,46953
1,13.01128741,77.60868481,Hebbal,48900,9061,9660,10800,11396,13051,13974,13222,46942
1,13.01101919,77.6084056,Hebbal,44300,9405,10024,11206,11801,13325,15024,14744,46886
1,13.01156397,77.6081349,Hebbal,49730,9781,10425,11600,12515,13981,15414,15028,46911
1,13.01102475,77.60785286,Hebbal,48900,9199,9795,10824,11521,12895,14582,14304,46846
1,13.01075097,77.60812639,Hebbal,15400,9349,10057,11302,12177,13853,15403,15006,46987
1,13.01074819,77.60840276,Hebbal,46800,9101,9738,11005,11620,13160,14795,14454,47015
1,13.01074541,77.60867914,Hebbal,49500,9116,9952,11117,12026,13266,14636,14139,47039
1,13.01074263,77.60895551,Hebbal,30000,9579,10348,11463,12346,13658,14760,14382,46813
1,13.01073985,77.60923188,Hebbal,48900,9406,9991,11155,11854,13273,14455,14212,46826
1,13.01101085,77.60923471,Hebbal,35000,9895,10529,11545,12150,13701,15115,14864,46931
1,13.01101363,77.60895834,Hebbal,48820,9828,10337,11395,11948,13557,15065,15013,46919
1,13.01101641,77.60868197,Hebbal,49500,9291,9851,11023,11666,13179,14512,14128,46909
1,13.01075375,77.60785002,Hebbal,46800,9274,9921,11157,11938,13555,15287,14760,46961
1,13.01102753,77.60757649,Hebbal,35000,9196,9932,11049,11741,13032,14151,13610,46843
1,13.01103031,77.60730011,Hebbal,43400,9500,10240,11501,12159,13590,15082,14478,46861
1,13.01130131,77.60730295,Hebbal,43400,9317,10002,11312,12020,13345,14594,14168,46875
1,13.0115723,77.60730578,Hebbal,30000,9525,10143,11455,12378,13931,15074,14636,46901
1,13.01156119,77.60841127,Hebbal,48900,8962,9445,10604,11171,12726,13828,13550,46935
1,13.01210041,77.60869331,Hebbal,36500,9296,9779,10957,11522,13116,14493,13980,46993
1,13.01210319,77.60841694,Hebbal,44300,9416,9939,11047,11653,13213,14563,14116,46964
1,13.01237418,77.60841977,Hebbal,36500,9104,9710,10722,11431,13088,14130,13310,46992
1,13.01237696,77.6081434,Hebbal,48820,9255,9834,10902,11677,13140,14871,14247,46988
1,13.01183497,77.60813773,Hebbal,46800,9758,10380,11705,12415,14010,15264,14741,46929
1,13.01236862,77.60897252,Hebbal,48820,9130,9748,10736,11516,13108,14648,14029,47020
1,13.01236862,77.60897252,Hebbal,15400,9130,9748,10736,11516,13108,14648,14029,47020
1,13.01263406,77.6095281,Hebbal,44300,9577,10182,11397,12061,13528,14860,14552,47045
1,13.01236306,77.60952526,Hebbal,46800,9812,10499,11843,12748,14245,15816,15102,47040
1,13.01236584,77.60924889,Hebbal,44300,9247,9812,10828,11528,13218,14480,13824,47030
1,13.01236028,77.60980164,Hebbal,48900,9527,10182,11362,12327,13679,15370,14703,47053
1,13.01263128,77.60980447,Hebbal,48820,9598,10129,11509,12040,13485,15112,14909,47060
1,13.01290506,77.60953094,Hebbal,49500,9197,9816,10916,11615,13110,14234,13695,46987
1,13.01290784,77.60925456,Hebbal,48820,9532,10082,11234,11954,13869,15130,14622,46982
1,13.01317884,77.6092574,Hebbal,36500,9903,10611,11692,12340,14486,16355,15824,47008
1,13.01317606,77.60953377,Hebbal,35000,9435,10083,11314,12001,13819,15356,14954,47001
1,12.95970318,77.59046025,MG Road,48900,9221,9743,10692,11173,12425,13554,12945,46705
1,12.95997418,77.59046305,MG Road,44300,9306,9811,10816,11350,12751,13681,13240,46624
1,12.95970318,77.59046025,MG Road,49500,9221,9743,10692,11173,12425,13554,12945,46705
1,12.95970043,77.59073657,MG Road,35000,9264,9730,10799,11134,12515,13791,13503,46701
1,12.95942668,77.59101008,MG Road,49500,9514,10106,11063,11587,12974,14603,14601,46859
1,12.95969493,77.5912892,MG Road,15400,9365,9861,10750,11320,12666,13618,13104,46727
1,12.95942118,77.59156272,MG Road,49500,9951,10665,11795,12536,13455,14698,13973,46640
1,12.95969493,77.5912892,MG Road,36500,9365,9861,10750,11320,12666,13618,13104,46727
1,12.95996868,77.59101569,MG Road,49730,8913,9289,10301,10785,12479,13274,12645,46744
1,12.96024244,77.59074217,MG Road,36500,9881,10503,11581,12093,13727,15307,14916,46998
1,12.96024519,77.59046586,MG Road,36500,9618,10336,11482,12013,13597,14696,14183,47004
1,13.01941491,77.55459257,Malleshwaram,30000,9442,10013,10783,11432,13881,14323,13395,47196
1,13.01968319,77.55487174,Malleshwaram,38100,9430,9877,10858,11355,12971,13308,12565,47013
1,13.01941491,77.55459257,Malleshwaram,38100,9442,10013,10783,11432,13881,14323,13395,47196
1,13.01914662,77.5543134,Malleshwaram,48900,9139,9466,10722,11149,13730,14257,13425,47317
1,13.01914662,77.5543134,Malleshwaram,49730,9139,9466,10722,11149,13730,14257,13425,47317
1,13.01887289,77.55458702,Malleshwaram,48820,9705,10325,11224,11924,13906,15391,14468,47398
1,13.01887289,77.55458702,Malleshwaram,30000,9705,10325,11224,11924,13906,15391,14468,47398
1,13.01887561,77.55431063,Malleshwaram,30000,9617,10247,11277,11922,13772,14977,14184,47356
1,13.01860188,77.55458424,Malleshwaram,30000,9755,10339,11400,12112,13793,15596,14927,47266
1,13.01833087,77.55458146,Malleshwaram,38100,9121,9614,10511,11195,13239,14271,13689,47205
1,13.01778612,77.5548523,Malleshwaram,30000,8969,9445,10551,11188,13221,14458,13341,47116
1,12.99379546,77.56897891,Malleshwaram,15400,8753,9230,10249,10742,13674,13995,12798,46555
1,12.99379273,77.56925528,Malleshwaram,36500,8767,9168,9796,10144,14072,13404,11792,46432
1,12.99352172,77.56925249,Malleshwaram,48900,9315,9722,10405,10962,12603,13386,12384,46392
1,12.99352446,77.56897613,Malleshwaram,49500,9372,9846,10969,11511,13869,14499,13609,46525
1,13.03085179,77.5491812,Malleshwaram,30000,9023,9686,10897,11523,12864,14043,13514,46663
1,13.03085451,77.5489048,Malleshwaram,48900,9537,10090,11320,11946,13384,14541,14046,46976
1,13.03085451,77.5489048,Malleshwaram,35000,9537,10090,11320,11946,13384,14541,14046,46976
1,13.03031249,77.54889925,Malleshwaram,49500,9090,9706,10738,11479,13128,13802,13026,46956
1,13.03030976,77.54917565,Malleshwaram,49500,8911,9362,10591,11143,12542,13382,12970,46691
1,13.03058078,77.54917843,Malleshwaram,15400,9078,9684,10705,11212,12551,13984,13688,46669
1,13.03057806,77.54945483,Malleshwaram,43400,9078,9684,10705,11212,12551,13984,13688,46669
1,13.03003875,77.54917288,Malleshwaram,48900,8960,9543,10524,11436,13014,13949,13125,46826
1,13.02976502,77.54944651,Malleshwaram,36500,9269,9819,10963,11737,12911,13950,13432,46887
1,13.02976502,77.54944651,Malleshwaram,48820,9269,9819,10963,11737,12911,13950,13432,46887
1,13.0297623,77.54972291,Malleshwaram,48900,9269,9819,10963,11737,12911,13950,13432,46887
1,13.03030432,77.54972846,Malleshwaram,44300,9208,9822,11060,11838,12881,13499,13015,46607
1,13.03030704,77.54945206,Malleshwaram,46800,8911,9362,10591,11143,12542,13382,12970,46691
1,13.03030432,77.54972846,Malleshwaram,38100,9208,9822,11060,11838,12881,13499,13015,46607
1,13.03030704,77.54945206,Malleshwaram,43400,8911,9362,10591,11143,12542,13382,12970,46691
1,13.03112008,77.54946038,Malleshwaram,36500,8794,9467,10759,11449,12722,13903,13359,46652
1,13.03112008,77.54946038,Malleshwaram,48900,8794,9467,10759,11449,12722,13903,13359,46652
1,13.0311228,77.54918398,Malleshwaram,49500,9768,10393,11347,12014,13151,13956,13333,46986
1,13.03139653,77.54891034,Malleshwaram,48900,9732,10313,11224,12048,13703,14804,14094,47073
1,13.03139925,77.54863394,Malleshwaram,46800,9630,10049,11235,12174,13703,16322,15009,47261
1,13.03112824,77.54863116,Malleshwaram,44300,9896,10510,11417,12163,13525,15042,14277,47167
1,13.00215113,77.60085032,MG Road,36500,9683,10190,10996,11542,12986,13814,13261,46606
1,13.00269036,77.60113233,MG Road,49730,9232,9796,10959,11525,13250,14203,13621,46626
1,13.00214836,77.60112668,MG Road,46800,9262,9797,10788,11292,12635,13597,12940,46579
1,13.00214836,77.60112668,MG Road,49500,9262,9797,10788,11292,12635,13597,12940,46579
1,13.00188012,77.60084749,MG Road,48900,9642,10216,11203,11760,13142,13842,13166,46554
1,13.00214559,77.60140304,MG Road,30000,9120,9736,10783,11547,13021,13859,13167,46609
1,13.00241659,77.60140587,MG Road,44300,9151,9731,10930,11472,13077,13552,12815,46634
1,13.00214281,77.6016794,MG Road,49730,8742,9119,10233,10631,13345,13725,12869,46602
1,13.00268482,77.60168506,MG Road,15400,9873,10527,11896,12534,13875,14919,14522,46713
1,13.00295582,77.60168788,MG Road,30000,9390,10022,11267,12129,13822,15207,14915,46759
1,13.00295859,77.60141152,MG Road,46800,9716,10369,11524,12313,13898,15377,14880,46733
1,13.00322959,77.60141434,MG Road,48900,9460,10123,11228,11895,13629,14780,14153,46730
1,13.00322959,77.60141434,MG Road,43400,9460,10123,11228,11895,13629,14780,14153,46730
1,13.00350336,77.6011408,MG Road,35000,8662,8998,10011,10113,14888,13584,12002,46714
1,13.00296136,77.60113515,MG Road,49500,9497,10092,11394,11959,13540,14768,14223,46717
1,13.00295304,77.60196424,MG Road,38100,9640,10375,11572,12624,14076,15319,14591,46576
1,13.00268204,77.60196142,MG Road,49500,9948,10667,12136,12777,14284,15664,15348,46769
1,13.0026765,77.60251414,MG Road,35000,9209,9850,10969,11450,13091,14757,14325,46766
1,13.00295027,77.60224061,MG Road,46800,9788,10548,11693,12401,14343,15134,14284,46585
1,13.01209484,77.60924605,Hebbal,43400,9428,9949,11106,11680,13198,14541,14140,47027
1,13.01155285,77.60924038,Hebbal,38100,9814,10536,11597,12227,13823,15194,14629,46991
1,13.01182107,77.60951959,Hebbal,35000,9453,10043,11218,12058,13584,15162,14530,47009
1,13.01154729,77.60979313,Hebbal,44300,9253,9753,10935,11510,13536,14641,14342,46976
1,13.0120865,77.61007517,Hebbal,43400,9621,10197,11002,11686,13103,14838,14274,47102
1,13.01182663,77.60896685,Hebbal,48900,9109,9782,10966,11762,14034,15036,14184,47003
1,13.01020342,77.60867347,Hebbal,48820,9426,10073,11130,12068,13614,15059,14746,46973
1,13.01048275,77.60784719,Hebbal,43400,9531,10265,11418,12141,13711,15374,14931,46915
1,13.01048831,77.60729445,Hebbal,15400,9272,9885,11261,11981,13463,14627,14158,46952
1,13.01128185,77.60923755,Hebbal,49500,9762,10402,11670,12325,13653,14836,14610,46963
1,13.01209206,77.60952243,Hebbal,15400,9638,10136,11436,12377,14165,15453,14832,47029
1,13.0129134,77.60870182,Hebbal,48900,9465,10111,11282,12011,13350,15077,14722,47050
1,13.01263684,77.60925173,Hebbal,15400,9458,10127,11240,11909,13328,14819,14433,47034
1,13.01318718,77.60842828,Hebbal,36500,9512,10071,11243,11925,13366,14838,14339,47084
1,13.01155285,77.60924038,Hebbal,46800,9814,10536,11597,12227,13823,15194,14629,46991
1,13.0129134,77.60870182,Hebbal,48820,9465,10111,11282,12011,13350,15077,14722,47050
1,13.01183219,77.6084141,Hebbal,46800,9294,9885,10982,11653,13306,14690,13968,46947
1,13.01047997,77.60812356,Hebbal,35000,9205,9941,11242,12194,13858,15792,15038,46953
1,13.01075653,77.60757365,Hebbal,48820,9344,9986,11320,12048,13356,14437,14009,46961
1,13.01156953,77.60758215,Hebbal,46800,8967,9595,10595,11190,12530,13348,12838,46894
1,13.01127907,77.60951392,Hebbal,38100,9399,10072,11141,11814,13582,14855,14583,46962
1,13.01155007,77.60951675,Hebbal,48900,9465,9953,11123,11807,13576,15118,14592,46985
1,13.01128185,77.60923755,Hebbal,35000,9762,10402,11670,12325,13653,14836,14610,46963
1,13.01128185,77.60923755,Hebbal,46800,9762,10402,11670,12325,13653,14836,14610,46963
1,13.01047163,77.60895267,Hebbal,35000,10290,10941,12540,13105,14148,15452,15168,46806
1,13.01047719,77.60839993,Hebbal,48900,9059,9769,11223,12161,14007,15362,14562,46990
1,13.01048553,77.60757082,Hebbal,48900,9250,9980,11410,12333,13647,15148,14611,46910
1,13.01046885,77.60922904,Hebbal,49500,9161,9774,11072,11847,13153,14406,13857,46826
1,13.00269036,77.60113233,MG Road,44300,9232,9796,10959,11525,13250,14203,13621,46626
1,13.01127351,77.61006666,Hebbal,35000,9010,9473,10359,10921,13744,14788,14016,47023
1,13.01100251,77.61006382,Hebbal,48900,9534,10107,11172,11867,13583,14617,13978,47014
1,13.01045773,77.61033452,Hebbal,48820,9305,9812,11001,11678,13154,14452,14172,47003
1,13.01073429,77.60978462,Hebbal,44300,9390,9955,11135,11811,12943,14348,14121,46845
